,Name,Tweets,Likes,Quotes,Replies,Retweets
0,I'm Still,100,7,0,2,6146
1,Happiest Year,99,62,1,24,619
2,HEARTBREAK ANNIVERSARY,100,12,1,7,70961
3,Real Baby Pluto,73,27,3,10,5669
4,Havin My Way (feat. Lil Durk),10,1,0,2,0
5,Solo,100,0,0,0,28898
6,"Mood (Remix) feat. Justin Bieber, J Balvin & iann dior",7,2,0,0,0
7,You're Now Tuning Into 66.6 FM With DJ Rapture (The Hottest Hour Of The Evening),2,0,0,0,0
8,Death Was Arrested,100,471,1,16,370
9,Cold War,100,78,1,6,3518
10,Love Affair,100,63,4,12,13210
11,On That Time,100,144,0,25,5094
12,You Need To Calm Down,100,95,1,36,29546
13,Now Or Never,100,40,33,5,13356
14,God's Country,100,241,2,22,371
15,Returns,100,3,0,0,68223
16,I Hope,100,2,0,2,52616
17,How You Like That,99,45,1,19,219371
18,To My Parents,100,131,5,29,24391
19,Lost in the Woods,99,165,0,18,4497
20,"Lemonade (feat. Gunna, Don Toliver & NAV)",11,0,0,1,0
21,FeRRis WhEEL (feat. Trippie Redd),12,2,0,0,0
22,Prayed For You,100,58,1,11,18755
23,All the Way (I Believe In Steve),35,53,1,2,12
24,Rockabye (feat. Sean Paul & Anne-Marie),57,118,3,15,756
25,More Surprised Than Me,100,26,1,11,2023
26,Girl Like You,100,8,1,6,160553
27,To The Top,5,0,0,0,0
28,On The Road (feat. Meek Mill & Lil Baby),100,51,1,24,44630
29,Controlla,100,6,0,2,40492
30,Memories,100,66,1,32,225
31,Dark Red,39,10,2,1,0
32,Dang! (feat. Anderson .Paak),100,13,0,8,7814
33,4EVER,98,132,2,35,933
34,sex money feelings die,100,50,0,20,10700
35,Kiss and Make Up,100,95,0,3,297489
36,Around Me,11,7,1,0,0
37,Fukk Sleep (feat. FKA twigs),73,15,0,0,6
38,Beautiful People (feat. Khalid),100,344,3,29,2969
39,Speak Too Soon,100,2,0,0,29257
40,Power,100,16,2,9,16948
41,Lose You,100,13,0,11,6454
42,Sucker,48,4,0,0,0
43,I Hope (feat. Charlie Puth),97,134,2,31,15912
44,Flatliner (feat. Dierks Bentley),58,31,0,9,9
45,I Don't Wanna Do This Anymore,33,14,0,3,590
46,Futsal Shuffle 2020,100,30,0,22,10975
47,whoa (mind in awe),100,14,0,17,841951
48,Pa Ti,57,32,1,3,133
49,Nikes,100,64,0,2,683
50,Dyin Breed,3,6,1,0,0
51,BTS Cypher 4,100,41,1,14,15266
52,Eyes Blue Like The Atlantic (feat. Subvrbs),100,12,1,4,14828
53,All Love,3,0,0,0,0
54,Nonstop,12,14,0,8,25674
55,These Demons (feat. MAJ),98,145,3,32,3251
56,Frank's Track,100,52,4,26,115
57,What Once Was,100,72,1,9,1453
58,No Te Hagas,14,0,0,0,0
59,coordinate,100,55,1,15,38
60,Pure Water (with Migos),100,5,0,0,61133
61,Lie Lie Lie,99,50,1,24,142
62,Rules,7,24,0,2,0
63,Not Nice,28,10,1,1,0
64,When You Down (with Polo G feat. Lil Durk),100,123,4,16,1476
65,Lluvia Eterna,2,0,0,0,0
66,Seasons (feat. Khalid),100,23,21,44,175
67,Hard Work Pays Off,12,2,0,0,0
68,Death by Dishonor,14,201,2,0,142
69,COPYCAT,56,86,3,11,35
70,Yamborghini High (feat. Juicy J),99,197,1,17,3496
71,Porch Swing Angel,31,62,2,25,1
72,X (feat. Future),99,297,4,72,44861
73,Blue World,100,246,1,12,161
74,Solo (Reprise),24,19,1,2,4
75,Cyber Sex,22,19,0,4,337
76,Moderate Rain,10,8,0,1,2
77,Low Life (feat. The Weeknd),100,206,2,23,907
78,"ALONE, PART 3",11,3,0,1,2
79,Be Kind (with Halsey),100,143,2,43,42
80,Perfect Places,14,14,0,5,1
81,TRAGIC (feat. Youngboy Never Broke Again & Internet Money),6,3,0,0,0
82,Lo Mein,6,3,0,0,0
83,7 Am Freestyle,100,6,0,2,73715
84,"Yours Truly, Austin Post",18,9,0,0,0
85,NEED YOU MOST (So Sick),4,5,0,2,0
86,everything i wanted,46,19,0,1,4
87,Just Like Me (feat. Young Thug),100,10,0,3,30347
88,Cigarettes and Sex,2,1,0,0,0
89,Intentions (feat. Quavo),100,1,0,2,37650
90,Gonna Love Me,100,8,0,4,10784
91,"fuck, i'm lonely (with Anne-Marie)",100,37,0,15,6252
92,MORE,30,42,0,11,71
93,Easily,6,0,0,2,0
94,Your Shirt,100,50,1,22,44630
95,BabyWipe,100,47,0,14,338763
96,CLOUT COBAIN | CLOUT CO13A1N,98,902,3,32,693
97,controlla,100,5,0,2,20567
98,TRELLAS,100,130,3,39,656
99,Thot Thot,96,167,1,8,364
100,Selfish,100,398,24,29,2141
101,20 Something,100,10,0,0,38594
102,Love Is Only a Feeling,100,6,0,3,37669
103,Favorite T-Shirt,99,97,1,43,301
104,Solo Dance,14,28,0,7,39
105,i love you,26,23,0,3,26
106,Idle Town,100,10,0,4,2793
107,Horses Are Faster,100,173,8,32,61
108,"God Is Fair, Sexy Nasty (feat. Kendrick Lamar)",43,47,0,1,171
109,Caro,99,125,4,15,5434
110,Strip That Down,3,1,0,0,0
111,What A Beautiful Name - Live,5,2,0,0,12
112,Never Satisfied,100,36,1,8,122079
113,Pose (feat. Lil Uzi Vert),100,205,1,14,19855
114,Shake the Frost (Live),100,11,1,4,8618
115,Peer Pressure,100,2,0,3,668110
116,SUPERBLOOM,77,274,2,26,34
117,blind,100,129,3,14,4199
118,Make Me Feel,23,16,0,0,12
119,Bounce Out With That,100,27,0,23,38507
120,LA NOCHE DE ANOCHE,100,8,0,10,207242
121,The Weekend - Funk Wav Remix,100,15,1,4,15149
122,Bakugo!,100,155,2,28,6089
123,34+35,61,51,8,11,11
124,Something Special,20,33,0,8,10
125,3 Musketeers,100,45,1,13,3519
126,Ghostface Killers,99,100,5,15,986
127,American Nights,100,19,1,7,6505
128,BOOKER T,100,129,2,30,3172
129,Fallin' All In You,5,10,0,1,2
130,The Wolf,100,164,0,26,130
131,Feel Invincible,100,4,0,1,49447
132,"Sola (Remix) [feat. Daddy Yankee, Wisin, Farruko, Zion & Lennox]",100,10,0,5,34215
133,Rip & Tear,9,17,0,1,4
134,monster,98,12,2,6,5461
135,Perfecto,72,120,7,22,640
136,Every Other Memory,100,0,0,0,67359
137,Supalonely,4,1,0,0,0
138,Cravin (feat. G-Eazy),99,46,0,16,8850
139,Love You For A Long Time,66,215,1,13,71
140,Now I'm Up To My Neck With Offers,57,69,2,8,50
141,Dreams - 2018 Remaster,100,2,0,2,9247
142,E,100,2,0,1,47654
143,Tremble - Live,100,5,2,1,25256
144,American Teen,7,14,0,1,0
145,No Eres La Oficial,4,3,0,0,0
146,Movie (feat. Lil Durk),99,72,2,9,8763
147,SWEET,98,50,2,6,1956
148,GIRL,3,5,0,0,0
149,Warning,100,14,1,5,12219
150,When the Drugs Don't Work,99,71,3,23,2413
151,Let the Moonshine,100,15,0,7,40750
152,Ex Bitch,65,16,1,6,4
153,Grinding All My Life,100,90,2,15,5341
154,Show Out (with Skepta & Pop Smoke),100,180,1,23,18486
155,BILLY,100,6,0,7,7490
156,Soy Peor,100,21,1,7,38579
157,Soulmate,51,47,4,2,44
158,Tulou Tagaloa,100,163,3,13,602
159,Adderall (Corvette Corvette),38,17,0,5,2
160,Tequila Does,40,29,1,5,25
161,Nasty Nasty,100,30,0,30,49
162,SHINE,100,136,1,14,959
163,RUNNING OUT OF TIME,100,34,1,21,8355
164,Nights Like This (feat. Ty Dolla $ign),100,48,0,13,24744
165,Midnight Sky,100,82,0,20,693
166,Heart 4 Sale,100,7,0,1,28327
167,M.... She Wrote,100,88,3,28,760
168,"Sunflower, Vol. 6",100,26,1,16,4815
169,Born To Be Yours,85,341,3,55,5861
170,For The Last Time,99,50,72,24,481
171,Transportin',100,59,2,16,1864
172,New Truck,100,9,0,2,111289
173,Rescue,100,6,1,6,43167
174,Buttercup,100,0,0,1,156873
175,Bitter,23,4,0,1,2351
176,concert for aliens,100,48,4,15,50026
177,bellyache,100,108,1,28,374
178,Chunky,100,64,0,20,14081
179,Savage,97,229,16,30,5158
180,Off White VLONE (Lil Baby & Gunna feat. Lil Durk & NAV),100,6,0,6,5171
181,November,100,98,5,23,525
182,ON,100,30,0,29,11177
183,Slow Dance In A Parking Lot,100,99,1,29,4004
184,Moana,71,79,1,30,4
185,through the late night,100,258,10,57,3560
186,MEGATRON,100,89,75,35,432
187,CRAZY NOISY BIZARRE TOWN,100,17,0,8,5379
188,Choke,99,162,1,30,842
189,Hillbilly,4,0,0,0,0
190,Mi Cuarto,100,211,4,10,13229
191,Do It All The Time,100,121,3,62,1532
192,beibs in the trap,100,75,4,19,21197
193,We Go Together Like,7,2,1,1,0
194,listen before i go,100,66,0,5,397739
195,NO. 9,100,7,0,1,128781
196,Art Hoe,100,822,4,15,6118
197,Dive - Recorded At Sound Stage Nashville,17,2,0,1,0
198,YES! (feat. Rich The Kid & K CAMP),100,81,6,12,119
199,Six Feet Apart,100,4,0,2,4393
200,Fuck You Bitch,100,253,6,16,10403
201,Mount Everest,23,42,0,1,102
202,Boys Like You - Acoustic,26,16,1,2,0
203,Trap (feat. Lil Baby),100,19,0,9,2058
204,Ninety,39,19,0,8,3
205,When We,45,55,1,6,121
206,Working For It,98,44,0,5,254
207,Tattoo - Remix with Camilo,100,113,3,44,19
208,Glitter & Gold,100,60,2,14,18412
209,Location,100,2,0,4,1004820
210,Rotisserie,100,1,0,1,29283
211,I Can't Fall in Love Without You,12,1,0,0,0
212,Girls Like You (feat. Cardi B),100,82,4,42,35
213,Millionaire,100,214,4,18,3250
214,Poplar St,99,104,2,25,2046
215,More Hearts Than Mine,100,17,0,12,26222
216,Never Needed No Help,9,6,0,1,2
217,Foot Fungus,100,44,0,20,122862
218,Just the Way,5,0,0,0,0
219,Grey,100,14,0,2,552789
220,Middle,16,18,0,3,138
221,De Cora <3,12,1,0,0,0
222,I'll Be Fine,100,101,2,29,344
223,Friend Like Me,100,167,2,30,205
224,Solo de Mi,100,85,0,8,235398
225,Yikes,3,1,0,1,0
226,Staring At The Sun (feat. SZA),89,5,1,2,114160
227,Make Me (Cry),100,98,1,20,1140
228,Eastside (with Halsey & Khalid),100,56,2,9,562815
229,Empty,29,40,0,4,6
230,Nike Ticks,100,149,4,26,58
231,1942 (feat. Yo Gotti & YBN Nahmir),98,147,1,37,4163
232,Could Have Been Me,100,168,0,11,3035
233,London Boy,91,51,2,7,1370
234,Savage Love (Laxed - Siren Beat),100,72,5,20,40
235,boyfriend (with Social House),1,0,0,0,0
236,I Will Spend My Whole Life Loving You,100,17,0,11,10048
237,Cornelia Street,100,107,5,24,320
238,Rolex,1,1,0,0,0
239,Feathered Indians,100,172,6,31,24
240,Baby Birkin,99,144,2,19,5322
241,Los Dos Amigos,100,2,0,1,354429
242,Feel The Love,98,202,22,36,15149
243,Summer Sixteen,100,8,0,4,62518
244,Feel It Still,12,1,0,0,0
245,Shea Butter Baby (with J. Cole),100,47,2,21,869
246,Came Up,42,17,0,8,2119
247,We Getting Money,7,3,0,1,2
248,You're Welcome - Jordan Fisher/Lin-Manuel Miranda Version,98,257,3,8,40818
249,Hunnybee,18,0,0,0,0
250,11 Blocks,100,234,6,23,155941
251,Stuck In Your Head,32,61,0,24,23
252,Gassed Up,100,111,13,28,570
253,Need It,100,259,7,50,609
254,Summer Friends (feat. Jeremih & Francis & The Lights),1,0,0,0,0
255,La Da Dee,99,14,1,7,18919
256,Dancin - Krono Remix,100,51,3,32,539
257,Tommy Lee (feat. Post Malone),100,33,0,11,33486
258,Under The Mistletoe,100,26,0,7,12490
259,U Played (feat. Lil Baby),6,10,0,3,2
260,E-GIRLS ARE RUINING MY LIFE!,97,118,2,18,3382
261,Si Se Da - Remix,100,243,1,16,2565
262,Nico and the Niners,100,153,2,23,4735
263,Drunk Girl,100,101,1,25,2848
264,Pain 1993 (with Playboi Carti),100,119,4,24,2991
265,The Way I Talk,100,130,3,20,1788
266,Suge,100,16,2,4,10599
267,Good as You,55,151,5,17,88
268,San Luis,1,0,0,0,0
269,Wandering Child,36,25,2,5,415
270,Verte Ir,100,236,2,68,8132
271,Heart Don't Stand a Chance,6,7,0,0,0
272,Crying in the Club,12,5,0,0,2
273,X (feat. Maluma & Ozuna) - Remix,75,32,1,6,14
274,Deep Sleep Recovery Noise,12,3,1,0,2
275,Diles,3,1,0,0,0
276,Make It Back,3,35,0,0,2
277,Great Days,100,235,1,30,2747
278,G.O.A.T.,16,3,0,3,0
279,Fix a Drink,1,1,0,0,0
280,I Saw You Close Your Eyes,3,5,0,1,0
281,Waste A Moment,100,22,1,5,57911
282,Flaming Hot Cheetos,100,18,0,11,31597
283,Freak (feat. REI AMI),100,257,2,21,2998
284,Love$ick (feat. A$AP Rocky),100,3,0,2,165658
285,Cry Baby (feat. DaBaby),99,137,1,27,412
286,100 (feat. Drake),100,34,2,11,7717
287,Hunger Strike - 25th Anniversary Mix,21,17,0,2,32
288,I Know She Ain't Ready,100,103,1,20,69898
289,New Patek,61,96,1,24,15
290,I Need A Forest Fire,100,123,4,13,22755
291,Treehouse (feat. Shotty Horroh),100,160,4,20,2892
292,Holler Boys,1,1,0,0,0
293,all my friends,47,45,2,10,34
294,Genghis Khan,100,15,1,6,4560
295,Skyline To,100,16,0,3,11934
296,The Weekend,100,114,3,29,3005
297,That's Life (feat. Mac Miller & Sia),99,206,2,19,6532
298,Still Think About You,99,190,7,21,431
299,Tap In,13,12,0,1,2
300,My Oh My (feat. DaBaby),80,92,2,4,1291
301,Goodie Bag,6,1,0,0,0
302,Dark Knight Dummo,100,50,85,25,2361
303,Toothbrush,99,174,3,28,1309
304,Despeinada,99,53,1,33,3614
305,Playing Games (with Bryson Tiller) - Extended Version,100,0,0,0,625110
306,I Can't Carry This Anymore,99,163,1,19,12657
307,Noticed,100,19,2,5,43780
308,Crazy Story,100,11,0,0,72
309,NI BIEN NI MAL,9,8,0,0,0
310,Lemonade (Feat. Roddy Ricch & Don Toliver) [Remix],67,49,2,19,161
311,Princess Bubblegum,100,9,0,5,2389276
312,"Baby, It's Cold Outside (feat. Meghan Trainor)",3,1,0,0,0
313,Die From A Broken Heart,99,226,2,35,280
314,528 Hz Anxiety Relief,100,234,2,30,5912
315,"Down Bad (feat. JID, Bas, J. Cole, EARTHGANG & Young Nudy)",100,90,69,22,36984
316,"Todos Hablan, Nada Saben",3,4,0,1,0
317,Like Me (feat. iann dior),3,1,0,0,0
318,my strange addiction,2,5,1,0,1
319,Baby Hotline,3,0,0,0,0
320,Make No Sense,100,178,4,32,128
321,BAD!,100,11,0,2,414151
322,Small Town Boy,22,44,0,3,8
323,hammer,100,60,5,38,16287
324,Love Not War (The Tampa Beat),100,8,0,4,31981
325,"Rednecks, Red Letters, Red Dirt",100,14,0,8,12766
326,Faucet Failure,100,338,0,32,732
327,Filter,100,6,0,6,23202
328,Drowns The Whiskey (feat. Miranda Lambert),100,51,0,5,4087
329,Garden Kisses,50,95,1,19,4620
330,Sakura Trees,93,39,4,43,2
331,Free Jamell (with YNW Melly),100,58,2,15,3636
332,No Time To Die,100,89,1,18,59618
333,Toda Remix - Remix,98,122,4,16,119
334,Dark Knight Dummo (Feat. Travis Scott),100,37,0,9,4306
335,Shinzo wo Sasageyo! - TV Size,5,1,0,1,0
336,Sleeping Music (Deep Sleep),100,27,1,16,1316
337,Play That Song,100,17,0,5,8137
338,JAPAN,100,1,0,3,55877
339,NBAYOUNGBOAT,100,116,2,23,19
340,Just My Luck,1,0,0,0,0
341,La Luz,99,23,0,6,27659
342,Los Dioses,3,0,0,0,0
343,Bummerland,32,10,1,5,8
344,Fade,5,0,0,0,0
345,Still Your Best,5,0,0,0,0
346,Kings of Summer,13,4,0,2,2
347,Deep Rain,100,12,0,10,8401
348,FLY HIGH!!,100,123,3,18,1178
349,Addison Rae,22,29,1,1,2
350,Good In Goodbye,8,4,0,0,12
351,Liability,65,26,1,2,1524
352,Surprise Party (feat. Blackbear),100,85,1,34,395
353,Focus Rain,100,3,0,5,122137
354,Where's My Love - Alternate Version,100,29,0,14,9679
355,Not the Only One,58,33,1,3,84
356,Jungle,1,1,0,0,0
357,Love Someone,100,27,0,4,9559
358,ASTROTHUNDER,100,107,0,14,3457
359,It's Not Christmas 'Til You Come Home - Recorded At Spotify Studios NYC,100,93,1,35,25
360,Thumbs,100,243,2,19,539
361,Smile (with The Weeknd),100,17,1,19,2299
362,772 Love,100,84,1,38,34412
363,Pray For Me (with Kendrick Lamar),54,61,1,5,34
364,PICK UP (feat. Quavo),100,55,1,7,12295
365,Trampoline (with ZAYN),100,132,5,27,79
366,2U,98,32,0,19,5506
367,Down To One,1,7,1,0,0
368,Passion Whine,100,467,3,56,2486
369,Blastoff (feat. Juice Wrld & Trippie Redd),44,29,1,0,50
370,Happy Anywhere (feat. Gwen Stefani),100,40,2,12,2280845
371,False God,100,23,0,15,796
372,Revenge,100,100,0,20,538
373,Circles,98,100,9,49,637
374,Here as in Heaven,99,81,1,13,181450
375,MAZZA (feat. A$AP Rocky),57,56,4,13,5948
376,My Church,99,156,3,23,1336
377,Dough,100,1,0,2,16266
378,BOY BYE,99,233,1,22,15197
379,Giving You Up,15,2,0,3,3755
380,TELL ME WHY,100,3,0,0,14976
381,Galway Girl,100,44,0,13,16753
382,Under Your Scars,100,5,0,2,101582
383,No Hay Novedad,99,72,5,19,244
384,Don't Threaten Me with a Good Time,22,59,0,13,6
385,Money Longer,100,65,5,22,4662193
386,Ring Ring (with Rvssian feat. Clever),100,80,2,44,68
387,ghost boy,100,6,0,4,85964
388,Hard (feat. Tay-K and BlocBoy JB),23,21,1,2,5
389,Be Honest (feat. Burna Boy),3,2,0,0,2
390,Out My Way,7,3,0,0,0
391,Me Mata,99,86,2,19,19642
392,Red Swan,11,16,0,2,0
393,Drowsy,100,9,0,3,225467
394,I Fall Apart,100,29,0,4,18061
395,One Number Away,100,52,0,11,46440
396,Lights Down Low,1,0,0,0,0
397,(Everybody's Waitin' For) The Man With The Bag - Remastered 1996,2,4,0,0,0
398,Some,8,1,0,2,0
399,Beer Can,100,249,4,14,17274
400,Grown Up Christmas List,14,4,0,1,2
401,Violent,66,12,0,2,14
402,Losses,100,13,2,7,46772
403,Cabin Noise Focus,100,168,2,37,3613
404,PRIDE.,11,2,0,0,0
405,Ay Mi Dios,100,79,2,8,3619
406,Country A$$ Shit,100,233,2,71,4649
407,Grammys,100,1032,4,70,419
408,mad woman,98,125,1,38,19
409,Call me,100,102,2,21,1487
410,All Your'n,1,0,0,0,0
411,Bandit (with YoungBoy Never Broke Again),100,13,0,5,14445
412,Hate The Way (feat. blackbear),7,0,0,0,0
413,Hell of a Year,100,0,0,1,32830
414,Bad Bad Bad (feat. Lil Baby),100,192,2,22,1396
415,I CAN'T STOP ME,100,129,5,8,4239
416,Into It,99,165,4,40,226
417,Paramedic!,2,0,0,0,0
418,We Know The Way - Finale,100,62,2,8,1922
419,Pouring Rain & Thunder,40,4,0,0,2842
420,Precious' Tale,10,6,0,1,0
421,On the River,100,11,0,6,626289
422,Look What God Gave Her,99,166,3,12,1394413
423,Breaking Up Was Easy In The 90's,100,13,0,6,81051
424,Miku,32,35,5,4,2
425,Sin Pijama,100,45,2,17,11940
426,Work from Home (feat. Ty Dolla $ign),100,54,0,20,12663
427,Victorious,8,16,0,0,2
0,"Gurenge (From ""Demon Slayer: Kimetsu no Yaiba"")",100,138,4,31,169
1,High And Low,100,158,4,15,4098
2,Feels Like Summer,100,4,0,4,63597
3,HIP,31,28,1,8,5401
4,Why You Always Hatin?,6,1,0,0,0
5,"I'm the One (feat. Justin Bieber, Quavo, Chance the Rapper & Lil Wayne)",100,124,4,26,9553
6,Come and Get It,100,40,0,7,55512
7,One Take,100,256,2,46,1942
8,"Hey, Ma",7,2,0,1,0
9,Hymn for the Weekend - Seeb Remix,42,20,0,10,6
10,1999 WILDFIRE,48,1,0,1,0
11,Coco (feat. DaBaby),100,141,3,36,27444
12,Social Cues,100,65,3,20,4247
13,Don't Let Me Down,99,381,9,9,50284
14,There's Nothing Holdin' Me Back,98,55,15,14,4788
15,Saw You In A Dream,15,56,2,6,18
16,Me & Magdalena,99,92,4,24,18850
17,How Can I Forget,100,89,1,8,8956
18,Rumor,13,4,0,0,0
19,Demonz (feat. Brent Faiyaz) - Interlude,42,33,1,14,3173
20,Remember You Young,3,0,0,0,0
21,Need Your Love (with Noah Kahan),3,0,0,0,8
22,"Baguettes in the Face (feat. NAV, Playboi Carti & A Boogie Wit da Hoodie)",99,274,4,32,2401
23,S.L.U.T.,4,1,0,0,0
24,Bad Boy (with Young Thug),75,95,0,13,1560
25,Mood Swings (feat. Lil Tjay),45,11,0,1,8
26,ily (i love you baby) (feat. Emilee),12,2,0,0,50
27,Broken Whiskey Glass,98,257,1,12,1946
28,Body Like A Back Road,7,2,0,1,0
29,How I Move (feat. Lil Baby),99,272,4,68,410
30,Do You Believe In God?,8,23,2,0,12
31,Call It Dreaming,100,2,0,2,75498
32,SAD!,82,67,0,9,16
33,Pa' Olvidarme De Ella,45,59,2,6,138
34,I Just Wanna Shine,100,135,0,37,72133
35,FlatBed Freestyle,38,22,0,4,114
36,I Took A Pill In Ibiza - Seeb Remix,98,120,1,24,15005
37,Love To Lay,100,14,0,10,16644
38,Dope,70,185,0,9,2
39,Laugh Now Cry Later (feat. Lil Durk),33,18,0,6,12
40,Dream Girl - Remix,100,1,0,1,63733
41,Streets,61,103,0,17,31
42,A Thousand Bad Times,31,25,2,2,14
43,South of the Border (feat. Camila Cabello & Cardi B),18,3,0,0,0
44,Heavy (feat. Kiiara),100,340,2,47,92
45,Wolfcat,9,0,0,0,0
46,Graduation (with Juice WRLD),96,165,4,28,2176
47,Grace (feat. 42 Dugg),99,1,0,1,15688
48,Beef FloMix,100,2,0,3,103139
49,Serendipity (Full Length Edition),11,12,0,2,0
50,The Business,16,4,0,0,2
51,do u even miss me at all?,100,37,1,6,3608
52,Never Be Like You (feat. Kai),100,2,0,2,20960
53,Love Myself,100,202,4,37,15446
54,On It,27,52,1,5,12
55,I Miss The Days,99,98,3,14,3618
56,"Solo Dolo, Pt. III",25,12,0,0,4
57,Hangin' On,29,10,0,6,1
58,Falling Down - Bonus Track,11,28,1,3,0
59,Ain't Nobody Takin My Baby,2,0,0,0,0
60,My Heart I Surrender,4,0,0,0,0
61,body bag (feat. YUNGBLUD & Bert McCracken of The Used),98,113,1,20,161
62,Breakin Bad (Okay),100,7,0,3,120846
63,Candy Paint,100,103,0,27,1464
64,Remember This,100,116,2,7,5397
65,GOSHA,96,281,7,40,2989
66,Supercut,64,52,0,11,307
67,Sept. 16,12,8,0,1,6
68,Real Love Baby,33,24,3,4,36
69,"Frat Rules (feat. A$AP Rocky, Playboi Carti & Big Sean)",10,2,0,0,0
70,Goodbyes (feat. Young Thug),100,29,2,16,1413
71,Young Grizzley World (feat. A Boogie Wit Da Hoodie & YNW Melly),100,69,3,13,5762
72,Venom,49,76,1,17,11
73,Friend Zone,100,41,4,19,14241
74,Peach Scone,98,65,4,27,1889
75,I Found You,16,9,0,0,2
76,I See Red,5,4,0,1,0
77,Moonwalking in Calabasas (feat. Blueface) - Remix,100,14,0,5,39290
78,7 Years (Remix),2,0,0,0,0
79,Champions,23,4,0,2,0
80,Big Shot (with Travis Scott),99,196,6,58,8
81,Freaky Friday (feat. Chris Brown),100,1,0,2,91361
82,You Worry Me,2,2,0,1,0
83,24,100,147,2,41,33614
84,All the Debts I Owe,38,286,3,19,117
85,Smack a Bitch,62,116,6,11,323
86,Intro III,100,75,0,10,4306
87,Cigarettes out the Window,100,84,6,50,550
88,Last Forever,100,13,0,3,39258
89,Envy Me,98,94,0,32,14
90,Nights,100,35,4,12,14965
91,Seigfried,14,5,0,0,0
92,Stargazing,100,170,70,30,11188
93,10 Freaky Girls (with 21 Savage),1,0,0,0,0
94,Guren no Yumiya,100,62,2,11,474
95,Feblu,97,174,5,40,83
96,rock + roll,99,162,5,16,3204
97,Ex Calling,100,24,0,4,26622
98,23 Island,100,13,2,12,275800
99,betty,100,106,3,22,4462
100,my future,15,4,0,0,6
101,Girls In Bikinis,100,280,1,18,302
102,Any Ol' Barstool,35,11,1,2,0
103,Yessirskiii,30,34,0,4,342
104,"After The Storm (feat. Tyler, The Creator & Bootsy Collins)",47,15,0,2,1
105,Dusk Till Dawn (feat. Sia) - Radio Edit,10,20,0,0,2
106,Solo (feat. Demi Lovato),100,150,2,0,18924
107,What A Time (feat. Niall Horan),99,17,2,9,11211363
108,Heart Of Glass (Live from the iHeart Festival),99,58,4,10,5688
109,comethru,12,11,0,0,20
110,Happy Does,99,90,4,27,5444
111,Gifted (feat. Roddy Ricch),100,242,3,18,284
112,APESHIT,21,6,0,1,0
113,Hometown Girl,6,4,0,0,2
114,Smoke Break (feat. Future),1,0,0,0,0
115,Garden Shed (feat. Estelle),100,52,4,16,3510
116,Old Roots New Trees,4,1,0,0,0
117,Out Of Love,6,1,0,0,0
118,"Sucker for Pain (with Wiz Khalifa, Imagine Dragons, Logic & Ty Dolla $ign feat. X Ambassadors)",100,357,6,100,2326
119,Again (feat. XXXTENTACION),100,19,1,7,31980
120,Favorite Liar,99,135,1,168,995
121,cowboy like me,27,6,0,0,0
122,100 Shots,16,7,0,2,9
123,Follow You to Virgie (OurVinyl Sessions),66,28,1,14,21423
124,"These Days (feat. Jess Glynne, Macklemore & Dan Caplen)",2,1,0,0,0
125,Lucky You (feat. Joyner Lucas),100,139,3,13,307
126,Please Never Fall in Love Again,100,119,0,10,103777
127,Talk (feat. Disclosure),8,8,0,1,0
128,The Pale Moonlight,100,68,2,18,10715
129,BYE ME FUI,11,2,0,2,0
130,Watch (feat. Lil Uzi Vert & Kanye West),100,175,4,47,71
131,This Feeling,23,24,1,2,4
132,Bigger Than You (feat. Drake & Quavo),100,373,2,27,6590
133,2z Don Corleon,5,4,0,1,2
134,Crab Rave,2,0,0,0,0
135,Sold Out Dates (feat. Lil Baby),11,0,0,0,0
136,Legends Are Made,12,1,0,0,0
137,Bad Things (with Camila Cabello),100,84,3,29,126
138,Onna Come Up (feat. G Herbo) [Remix],100,83,5,12,205
139,Ric Flair Drip (& Metro Boomin),100,777,15,38,454
140,Don't Need Friends (feat. Lil Baby),100,29,0,4,10884
141,Time for That,72,99,0,20,132
142,Make Luv,16,10,0,1,0
143,French Inhale,90,172,1,36,130
144,Excitement,100,14,0,14,6742
145,That's a Rack,100,59,3,19,3647
146,Bad and Boujee (feat. Lil Uzi Vert),100,24,1,15,16079
147,Mind brand,11,4,0,0,0
148,Consideration,27,53,1,4,274
149,Dangerous Woman,13,4,1,0,4
150,Hate Myself,100,3,0,0,77171
151,No Problem (feat. Lil Wayne & 2 Chainz),98,36,1,24,1272
152,Neon Eyes,100,68,2,12,21152
153,Mystery Lady (feat. Don Toliver),100,30,0,19,1847
154,NEVER,100,29,0,10,22118
155,F.N,92,120,3,36,26
156,2 soon,5,1,0,0,3
157,I Swear (To God),100,107,1,25,1776
158,Over And Over Again,95,181,0,16,1002
159,Different State of Mind,17,6,0,2,0
160,P.S Fuck You Cunt (feat. Lil Peep),33,27,6,5,2
161,2020 Freestyle,9,7,0,1,0
162,The Ringer,100,206,2,24,840881
163,Always Remember Us This Way,100,55,1,18,6540
164,Because You Move Me,26,23,0,8,3
165,21C/Delta,100,3,0,1,98404
166,Glorious Day - Live,98,129,0,30,1210
167,Chika Dance,99,85,0,5,8035
168,Slidin,82,76,0,24,8
169,Jenny (I Wanna Ruin Our Friendship),100,99,1,43,17
170,SUGAR,38,18,0,1,2
171,You Get Me So High,96,174,9,36,109
172,Letter From Houston,100,86,1,24,9031
173,I Met Sarah in the Bathroom,99,36,2,13,1771
174,"GONE, GONE / THANK YOU",16,10,0,1,0
175,Wild Thoughts (feat. Rihanna & Bryson Tiller),23,30,1,4,61
176,Chucky Cheese,100,92,0,13,84218
177,Settling Down,100,98,5,22,10008
178,Can't Die,100,4,0,3,102776
179,Route 66 (feat. EST Gee),20,5,0,1,2
180,Night Whispers,100,3,0,4,10368
181,Armed & Dangerous,100,283,12,12,3146
182,Treat You Better,98,281,2,62,633
183,Chanel,99,56,6,8,6385
184,Ocean (feat. Khalid),100,218,0,17,36781
185,Bury Me In Dixie,92,174,2,11,899
186,You Say,100,36,1,14,7451
187,Walls Could Talk,100,161,6,22,1549
188,Storm Rain Sounds,48,65,2,32,5
189,Like A Soccer Mom,100,26,0,15,9072
190,Break My Heart Again,2,0,0,0,0
191,First Day Out,100,62,3,24,6132
192,Just Might (with PARTYNEXTDOOR),100,14,0,1,606448
193,We Don't Have To Dance,99,87,3,24,2254
194,Homage,100,168,1,36,351
195,Good Grief,21,0,0,0,1
196,HeMotions,100,33,1,7,482831
197,Agnes,100,96,10,37,7908
198,Type a Way (feat. Chris Brown & OG Parker),100,4,0,0,35706
199,Every Season,99,115,2,17,942
200,HOLIDAY,100,1,0,7,102583
201,Murder On My Mind,100,141,19,70,2578
202,Remember That Night?,100,206,6,11,538
203,Spicy (feat. Post Malone),22,2,0,3,0
204,No Idea,4,6,0,0,6
205,Drunk Me,100,35,4,12,14965
206,broken,20,2,0,1,0
207,No One Compares To You,100,24,1,15,2105
208,imagine,9,1,0,1,0
209,six thirty,2,0,0,0,0
210,21 Summer,83,90,0,6,582
211,Backin' It Up (feat. Cardi B),100,86,6,19,31111
212,July (feat. Leon Bridges),100,62,4,66,36426
213,STARGAZING,14,0,0,0,0
214,UGLY (feat. Lil Baby),99,107,4,18,467
215,Dandelions,100,138,1,21,972
216,Trap House (feat. Shoreline Mafia),3,1,0,2,0
217,Discord - The Living Tombstone Remix,100,116,11,20,1666
218,We Don't Talk Anymore (feat. Selena Gomez),40,45,1,6,8
219,Stuck In The Middle,100,59,1,10,4299
220,Night Drive,1,0,0,0,0
221,Yacht Club (feat. Juice WRLD),100,75,4,12,761
222,Sleep Without You,100,4,0,1,84076
223,You Will Be Found,100,171,5,30,324
224,In Your Arms (with X Ambassadors),4,1,0,1,0
225,Space Girl,97,310,1,17,377
226,Depression & Obsession,100,75,7,16,30166
227,Born For Greatness,36,167,3,5,78
228,Fuck It Up (feat. YG),100,275,5,29,500
229,Finesse,100,86,0,14,3
230,Best Friend,30,62,1,2,36
231,Sue Me,100,21,0,10,3705
232,Vida Ventajosa,50,13,0,1,614
233,Ain't Your Mama,99,130,10,5,6633
234,White Tee,1,0,0,0,0
235,Ville Mentality,7,0,0,0,2
236,H.O.L.Y.,7,0,0,0,0
237,Motiv8,100,11,0,6,163299
238,Do It On The Tip (feat. City Girls & Hot Girl Meg),95,103,1,35,1685
239,3 Nights,78,103,4,19,366
240,Heartache Medication,100,34,0,15,9017
241,Say You Won't Let Go,100,65,4,12,14755
242,El Chino Piloto,100,55,1,10,155228
243,Magic In The Hamptons (feat. Lil Yachty),54,15,1,0,6
244,"One Beer (HARDY feat. Lauren Alaina, Devin Dawson)",11,7,0,1,0
245,LUV,100,156,0,20,8242
246,YuNg BrAtZ,3,12,0,2,12
247,OHFR?,100,168,3,31,122364
248,BRB,100,0,0,0,487900
249,Phone Numbers,20,5,0,6,0
250,Too Much To Ask,14,19,1,0,12
251,Life Is Good (feat. Drake),100,27,0,21,10883
252,RNP (feat. Anderson .Paak),8,8,0,0,0
253,GAMES ON YOUR PHONE,13,7,0,2,0
254,Peace Be Still - Live,2,4,0,0,0
255,Something to Talk About,100,81,1,23,87008
256,EARFQUAKE,43,46,0,16,1031
257,All We Ever Knew,100,340,0,43,56340
258,Chasing_(Demo),3,1,0,0,0
259,Vibez,100,15,1,5,486095
260,Angels (feat. Saba),33,3,0,1,0
261,Don't Rush (feat. DaBaby),100,9,0,3,246277
262,Hide (feat. Seezyn),99,76,5,10,93
263,"Let Me Go (with Alesso, Florida Georgia Line & watt)",3,5,0,0,0
264,Deep End,7,0,0,0,0
265,Mutual Butterflies,100,127,7,19,890
266,GOOBA,99,22,1,5,13253
267,Easy (with Kacey Musgraves feat. Mark Ronson),100,60,1,17,16090
268,BAD NEWS,62,88,2,8,117
269,This Girl (Kungs Vs. Cookin' On 3 Burners),5,1,0,0,2
270,hometown,98,60,1,27,1433
271,You Can't Save Me,100,70,1,11,133806
272,Trailer We Call Home,100,38,1,18,14486
273,Don't Wanna Know (feat. Kendrick Lamar),12,2,0,0,0
274,"Big, Big Plans",97,40,1,17,23502
275,BOP,100,12,0,2,4251
276,The Thrill,1,0,0,0,0
277,I Don't Wanna Be Okay Without You,100,99,1,24,13775
278,Piece by Piece - Idol Version,23,8,0,5,2
279,Nose on the Grindstone (OurVinyl Sessions),98,87,3,13,1199
280,La Di Da,99,91,0,19,1368
281,Donde Estaras,1,1,0,0,0
282,Before You Go,100,1,0,2,143489
283,Geek'd (feat. Lil Baby),100,0,0,1,24218
284,La Mejor de Todas,8,4,0,1,2
285,Skechers,100,132,4,32,13103
286,Him & I (with Halsey),99,137,2,29,1821
287,Burn Out,100,27,1,14,5341
288,Be Something (feat. Lil Baby),100,83,1,7,152905
289,20/20,99,49,5,4,39454
290,Guillotine,99,83,4,22,1461
291,La La Land (feat. YG),100,3,0,3,11279
292,In My Blood,7,1,0,0,0
293,Press,1,0,0,0,0
294,"Don't Give Up On Me - (From ""Five Feet Apart"")",100,94,0,14,2646
295,Levitating,18,15,0,0,202
296,Cool Again,100,30,0,20,17789
297,All There,100,179,3,39,88
298,Got You On My Mind,100,450,8,25,312
299,Rap Saved Me,4,0,0,0,0
300,I'll Keep You Safe,100,163,3,21,1549
301,Ye,100,303,3,30,770
302,Too Much Sauce (feat. Future & Lil Uzi Vert),3,0,0,0,0
303,FEEL SOMETHING (feat. Marshmello),100,201,4,56,262
304,Gucci Gang,25,21,2,9,4
305,I'm Not Enough and I'm Sorry,98,99,0,13,213
306,After A Few,100,12,0,7,3318
307,I Can Drive,3,0,0,0,0
308,Pure Cocaine,99,431,7,16,4533
309,Thick Niggas and Anime Tiddies,1,0,0,0,0
310,El Buho,100,95,7,28,491
311,everybody dies,100,2,0,0,39811
312,A Million Dreams (Reprise),100,502,4,40,900
313,The Archer,45,140,6,14,362
314,I Do (feat. SZA),100,203,0,30,1463
315,Won't Be Late (feat. Drake),100,265,13,67,6488
316,The Story of O.J.,86,74,1,7,542
317,Arriba,100,27,1,5,2676
318,Champagne Night - From Songland,100,5,3,8,83242
319,Stay Flo,100,320,5,65,1452
320,"Home (with Machine Gun Kelly, X Ambassadors & Bebe Rexha)",100,9,0,2,34347
321,feel something,100,9,3,7,31030
322,WIN,100,52,0,11,6506
323,Slide Away,100,64,2,12,599
324,92 Explorer,100,7,0,2,50094
325,Through and Through,100,35,1,7,206699
326,Night Job,100,53,3,10,68
327,Single Saturday Night,100,47,0,35,11393
328,FML,100,3,0,2,77021
329,Cooks,9,0,0,0,0
330,Anime Thighs,11,4,1,1,0
331,Municiones,100,61,1,6,2516
332,For Her,100,39,3,7,30122
333,LUST.,100,148,4,18,2407
334,Blue Notes,100,65,0,19,1711
335,Masterpiece,98,110,5,13,1080
336,Pick Up Your Feelings,97,72,2,16,789
337,Hatchback,2,1,0,2,0
338,oh baby,100,1,0,0,106087
339,BANG!,100,99,0,24,69
340,Wolves (feat. Post Malone),100,25,0,4,5477
341,Psycho (feat. Ty Dolla $ign),39,166,0,16,92
342,Con Tus Besos,1,0,0,0,0
343,"My Family - from ""The Addams Family""",3,7,0,4,0
344,Photo ID,100,14,1,8,408077
345,PERSIAN RUGS,9,1,0,1,1
346,North Face,22,7,0,6,0
347,King Of My Heart,100,0,0,0,342869
348,Love It If We Made It,98,35,1,5,22771
349,untitled 07 | 2014 - 2016,6,0,0,0,0
350,NO,98,58,3,42,442
351,What A Man Gotta Do,14,4,1,1,0
352,Starboy,16,3,0,1,2
353,Gap in the Clouds,100,22,1,10,17518
354,I Don't Remember Me (Before You),100,0,0,1,8805
355,I Am (Lil Baby & Gunna),100,1,0,3,166120
356,Cabin Sound,100,159,3,19,1434
357,Go Crazy,11,10,0,2,0
358,"BIG BANK (feat. 2 Chainz, Big Sean, Nicki Minaj)",100,454,12,103,15070
359,6locc 6a6y,17,26,0,0,4
360,Living,100,190,2,30,2566
361,Nobody's Love,13,1,0,0,0
362,Body Back (feat. Maia Wright),100,47,1,10,18
363,Love Taste,100,18,0,10,19619
364,Clout (feat. Cardi B),83,13,1,4,2
365,Dusk Till Dawn - Radio Edit,99,179,2,25,525
366,Homemade,10,4,1,0,0
367,Foreign,4,0,0,0,0
368,Natural,2,2,1,1,0
369,You and Me and Christmastime,17,19,2,2,28
370,summer depression,100,430,10,40,706
371,Gente De Accionar,1,0,0,0,0
372,NO BYSTANDERS,100,14,0,2,3843
373,Bean (Kobe) [feat. Chief Keef],5,1,0,1,0
374,Somewhere On A Beach,100,1,0,3,29714
375,Empty Room - Cabu Remix,100,7,0,4,16516
376,Drip Too Hard (Lil Baby & Gunna),1,0,0,0,0
377,Girl Like Me (feat. H.E.R.),100,14,0,6,32964
378,It's You,100,12,0,5,20673
379,death bed (coffee for your head),58,62,1,7,32
380,Would That I,100,145,10,40,1582
381,Wat's Wrong (feat. Zacari & Kendrick Lamar),99,166,0,17,505
382,Rain In The Bay,99,191,1,16,663
383,Tokyo Drifting (with Denzel Curry),100,51,1,18,14053
384,Don't Hurt Yourself (feat. Jack White),100,88,4,9,3525
385,Off Deez (with J. Cole),25,20,0,6,2
386,Let's Fall in Love for the Night,71,110,3,35,6072
387,Unsaid Emily (feat. Charlie Gillespie),100,90,0,31,923
388,Back In Blood (feat. Lil Durk),99,86,0,30,6490
389,The Night We Met (feat. Phoebe Bridgers),20,3,0,0,0
390,Programs,79,21,2,8,253
391,Infinity,100,104,2,22,903
392,"Welcome to the Party (with French Montana & Lil Pump, feat. Zhavia Ward) - from Deadpool 2",99,205,2,14,1276
393,make up,100,123,1,30,14567
394,ABG,100,19,1,10,20960
395,LOVE. FEAT. ZACARI.,100,121,0,34,935
396,Clouded,100,269,18,90,203
397,Everywhere But On,95,130,3,9,405
398,Summertime Magic,98,116,1,16,547
399,Don't Start Now,100,49,0,15,10672
400,Please Me,1,0,0,0,0
401,Cuando Perriabas,8,2,0,0,2
402,I Guess I Just Feel Like,100,63,6,23,1029
403,I Don't Wanna Know (feat. Enya & P. Diddy) - 2016 Remaster,2,1,0,0,2
404,PRBLMS,100,62,3,22,1835
405,what are you so afraid of,3,0,0,0,0
406,"Feels (feat. Pharrell Williams, Katy Perry & Big Sean)",99,72,1,20,10482
407,Are You Bored Yet? (feat. Clairo),100,70,0,9,18139
408,You Can't Hide,100,22,3,11,7326
409,Nena Buena,73,131,5,32,96
410,You're Lost,97,44,1,18,29060
411,Glitter,99,532,7,22,226
412,Talia,99,36,0,0,14753
413,Glamorama,100,58,3,15,225
414,Gang Shit No Lame Shit,8,2,0,0,0
415,Flaws And Sins,6,0,0,0,0
416,Delicate,100,13,1,9,9349
417,Poke It Out (with Nicki Minaj),99,266,12,16,720
418,SOS (feat. Aloe Blacc),31,183,1,12,291
419,Seeing Blind,3,0,0,0,0
420,Book of Rhymes (feat. DJ Premier),100,18,0,6,14986
421,Feeling Lonely,7,3,0,2,0
422,BERETTA (feat. Wifisfuneral),2,9,0,2,0
423,Strawberries & Cigarettes,9,6,0,0,0
424,FAVORITE MISTAKE,100,19,5,11,3365
425,You're Such A,44,6,2,2,1
426,Stargirl Interlude,3,1,0,0,0
427,"Let's Hear It for the Boy - From ""Footloose"" Original Soundtrack",99,54,0,18,3002
428,Lost Umbrella,24,2,0,2,0
429,Black Beatles,100,6,0,4,6560
0,my boy,100,11,1,8,199654
1,LMK,100,29,0,20,5396
2,Yah Mean,100,96,2,32,56
3,Not Good At Not,16,17,0,7,1
4,Train Wreck,100,63,0,18,515
5,Die For Me (feat. Future & Halsey),12,21,1,1,12
6,Desperado,100,35,2,5,5814
7,Perkys Calling,91,102,2,14,164
8,GOODMORNINGTOKYO!,39,27,0,9,71
9,Like a Rodeo,99,35,2,4,160917
10,Backroad Song,60,1,0,0,0
11,Too Much (feat. Usher),14,0,0,0,0
12,Feedback,96,12,2,2,14832
13,E-ER (feat. Danny Towers & Lil Yachty),1,0,0,0,0
14,Bad At Love,100,173,1,16,1222
15,Please Notice,100,11,1,7,1149
16,"Girl Crush - Recorded at Metropolis Studios, London",3,34,1,1,2
17,The Void,100,22,1,9,6047
18,Bounce Back,100,31,1,12,2477
19,Kiss Somebody,97,138,9,33,348
20,Needed Me,100,60,1,16,24792
21,Honeypie,100,30,0,74,113
22,queen of broken hearts,93,166,3,17,355
23,I Don't Sleep,100,84,3,45,57
24,Lost In The Moment,99,163,4,33,404
25,Best Part (feat. H.E.R.),97,73,0,8,509
26,Omae Wa Mou,100,205,7,13,3145
27,Patty Cake,100,56,3,4,87656
28,Hard To Tell,100,64,4,25,4335
29,Tinder Song,17,47,0,7,0
30,On The Way (feat. Mila J),45,15,0,2,2
31,Que Calor (feat. J Balvin & El Alfa),5,1,0,2,0
32,Netflix Trip,40,38,0,17,0
33,Dancing In The Moonlight (feat. NEIMY),36,6,0,0,0
34,This City,100,79,0,15,4169
35,When You Were Made,23,64,0,5,2
36,Del Mar,100,30,0,13,16789
37,Not Allowed,100,16,0,7,9764
38,Softer Rain,10,10,0,0,0
39,Homicide (feat. Eminem),99,33,1,12,4841
40,...Ready For It?,12,0,0,0,0
41,Racks in the Middle (feat. Roddy Ricch and Hit-Boy),100,65,2,26,1138
42,White Wine,100,224,0,27,4467
43,Pretty Sweet,100,34,0,11,111090
44,going down!,99,106,1,29,2707
45,we fell in love in october,99,109,0,25,22
46,Me La Avente,5,2,0,0,0
47,Of Course We Ghetto Flowers (feat. Playboi Carti & Offset),2,25,0,3,2
48,We've Never Met but Can We Have a Cup of Coffee or Something,97,127,3,10,51
49,Hasta Que Dios Diga,100,110,0,25,1811
50,Every Little Thing,100,8,0,3,27259
51,Legends,2,0,0,0,0
52,Don't Let Me Down (feat. Daya) - Illenium Remix,3,3,0,0,0
53,do re mi (feat. Gucci Mane),6,3,0,0,0
54,Shotta Flow (Feat. Blueface) [Remix],98,52,1,5,317825
55,Nuketown (feat. Juice WRLD),100,5,0,5,47422
56,Moon (And It Went Like),100,235,4,55,386
57,Nah Nah Nah (feat. DaBaby & 2 Chainz) - Remix,100,191,3,29,203
58,Romeo & Juliet,28,14,0,0,2
59,Praying,100,77,1,12,29750
60,War Baby,27,10,0,3,45131
61,Rockstar Made,100,50,1,12,34937
62,B*tch From Da Souf (Remix),99,134,19,80,973
63,Pussy Talk,100,16,1,4,51976
64,Tell Me U Luv Me (with Trippie Redd),100,164,2,23,752
65,Shinzou Wo Sasageyo (Attack on Titan),99,75,1,31,854
66,SOHO,8,2,0,0,0
67,How Do You Sleep?,100,61,2,26,128
68,WITHOUT YOU,31,25,0,11,4
69,bloody valentine,89,132,0,22,75
70,Falling for U,100,7,0,2,858054
71,Sunflower Feelings,100,2,0,2,433056
72,Happiness is a butterfly,35,140,3,20,1041
73,evermore (feat. Bon Iver),100,112,1,19,8649
74,safety net (feat. Ty Dolla $ign),3,1,0,2,0
75,Wonder,100,52,1,19,46651
76,Wya?,100,41,2,13,66020
77,Drip Like ME,99,116,4,48,1364
78,Therefore I Am,100,130,10,6,4418
79,Gang WithMe,100,280,3,54,207
80,Pretty Girl,99,106,4,35,9320
81,2 / 14,99,89,6,15,413
82,Burn The House Down,100,147,0,21,1768
83,Be A Light,97,68,5,21,6087
84,Jump Out The Window,100,11,0,11,62316
85,I'm Not Alright,4,0,0,2,0
86,Ride Slow,3,5,0,1,2
87,Caramelo,98,70,2,10,54968
88,Welcome to Wonderland,100,0,1,1,224109
89,Peach,3,5,0,0,0
90,Wasted (feat. Lil Uzi Vert),38,60,0,6,11384
91,Fukashigi no Carte - Seishun Buta Yarou wa Bunny Girl Senpai no Yume wo Minai,100,2,0,0,110827
92,Lush Rain,99,167,3,26,372
93,Shinzo wo Sasageyo!,100,14,3,4,13813
94,Strawberries,9,0,0,0,0
95,Slip On A Banana Clip,7,1,0,0,1
96,Love on the Weekend,100,27,2,3,18180
97,Yours,13,9,0,0,1243
98,The Bees Knees,99,235,9,22,3698
99,Same Bitches (feat. G-Eazy & YG),100,78,5,22,7124
100,No Limit,23,14,1,3,80
101,Then Leave (feat. Queendome Come),100,11,1,7,5082
102,ON GOD (feat. Young Thug),100,30,0,11,4937
103,The Voice (Mixed),100,223,6,13,19169
104,God's Plan,9,4,0,1,2
105,Make It To Christmas,100,40,2,20,1466
106,The Truth Untold,100,26,4,11,71442
107,Foreplay,8,4,0,0,0
108,worldstar money (interlude),100,51,9,41,1821
109,White Noise - 700 hz,100,14,0,12,7565
110,Bedroom,100,22,1,14,29454
111,Redemption,45,23,2,18,14
112,Nobody Else but You,99,11,0,3,32286
113,Wow Freestyle (feat. Kendrick Lamar),99,47,1,20,31
114,No Brainer,100,29,2,16,738
115,Ignorantes,99,82,4,17,1080
116,Heartless (feat. Morgan Wallen),99,138,2,28,5739
117,Call You Mine,100,119,1,37,29
118,Sleep Well Rain Sound,100,3,0,0,43635
119,BUSTER,100,163,0,4,2965
120,Many Men,7,3,0,3,0
121,Slime Belief,99,419,18,43,342
122,Miss Me More,100,160,5,12,13126
123,Heart On Ice,94,155,17,36,11681
124,Una Locura,82,5,0,0,0
125,5:32pm,90,117,2,5,1050
126,wokeuplikethis*,100,187,1,22,36
127,Imitadora,100,10,0,6,82042
128,Better Day (feat. Aloe Blacc),100,187,5,38,2269
129,baseball,13,3,0,3,0
130,Best Part (feat. Daniel Caesar),99,101,10,37,5044
131,Faygo Dreams,43,33,0,6,15
132,the broken hearts club,100,55,0,7,1951
133,Shot Clock,99,94,6,11,50600
134,Tattoos Together,100,139,7,27,2403
135,Lifestyle (feat. Adam Levine),75,180,3,10,255
136,Dile Que Tu Me Quieres,11,9,0,4,6
137,Hell Of A View,100,11,0,3,7203
138,Me You,97,115,4,16,751
139,Water Fountain,100,75,1,10,63
140,Oh Okay (feat. Young Thug & Lil Baby),26,23,3,5,12
141,Can I Be Him,39,6,0,1,2352
142,Never Be Alright,100,72,0,1,2070953
143,that way,99,135,0,18,372
144,Sweet Night,2,1,0,1,0
145,Sunflower Seeds,97,76,0,22,2380
146,Written in the Sand,97,92,3,21,187234
147,Gotta Blast (feat. Diego Money & Bandman Fari),99,114,24,29,46
148,Down In the DM,99,119,5,20,55552
149,Like I Loved You,100,144,3,9,20438
150,Hecha Pa' Mi,100,11,1,4,126586
151,"The Good, the Bad and the Dirty",99,86,4,15,1799
152,Enemies (feat. DaBaby),100,126,2,46,37974
153,Warm Up,100,63,4,15,8200
154,Look Alive,14,5,1,3,22
155,Summer Feelings (feat. Charlie Puth) - From 'SCOOB!' The Album,2,0,0,1,0
156,ALL GIRLS ARE THE SAME,100,74,1,18,2769
157,Vroom Vroom,100,17,1,6,33952
158,2 Phones,9,68,0,12,2
159,Always Been You,39,112,2,19,708
160,Time Flies,100,129,3,17,2340
161,Te Vi,100,95,0,33,1243
162,Lonely Child,26,16,0,2,1771
163,Gone Girl,99,100,0,39,137
164,SUNDOWN,9,7,1,1,2
165,Man With The Bag,6,1,0,1,0
166,Whatcha Think Of Country Now,100,48,1,20,2951
167,Made For You,6,12,0,0,0
168,5 shots,37,24,1,7,15051
169,My Choppa Hate Niggas,60,295,2,45,34
170,At Doom's Gate,100,215,5,22,260
171,Sit Next to Me,96,233,5,72,167
172,Lost on You,38,59,0,10,40
173,i don't want another sorry,12,17,0,3,2
174,New Choppa,100,45,4,6,28546
175,Moon Over Mexico,100,83,5,23,717
176,"City Of Stars - From ""La La Land"" Soundtrack",99,257,1,79,22
177,Bussin,66,232,4,31,14724
178,Outta My Head (with John Mayer),100,1,0,1,9621
179,Say So (feat. Nicki Minaj),100,55,2,16,161
180,Screw Juice,28,28,0,1,46
181,House of Memories,2,7,0,2,0
182,Everybody Hates Me,82,106,1,17,317
183,Die a King,100,10,0,3,590173
184,"New Chains, Same Shackles",100,28,1,18,18614
185,The Last Stand,100,218,5,21,3698
186,Contra el Mundo,2,1,0,0,0
187,Saint Pablo,9,7,2,2,8
188,I'd Be Jealous Too,99,163,5,43,699
189,Issues,99,327,1,84,154
190,Sidewalks,100,92,1,78,5198
191,HUMBLE. - SKRILLEX REMIX,100,19,0,3,19123
192,Boredom (feat. Rex Orange County & Anna of the North),100,148,0,21,8689
193,Evil Fantasy,100,66,0,33,891
194,BICHOTA,99,43,74,13,2183
195,The Chain - Live 1997; 2018 Remaster,100,85,2,21,300
196,30 Hours,100,5,0,3,32253
197,Nobody Speak,54,82,0,15,775
198,Timeless (feat. DJ SPINKING),23,22,0,2,11
199,Chill Bill (feat. J. Davi$ & Spooks),100,33,4,20,17388
200,Break Shit,56,52,0,9,41
201,ARE WE STILL FRIENDS?,60,49,0,5,130
202,goodnight n go,84,75,3,17,57
203,Ransom,81,53,3,9,17
204,Where You Are,47,27,0,7,8
205,CRY FOR ME,100,605,18,34,75990
206,idontwannabeyouanymore,2,4,0,0,0
207,Heathens,100,6,0,6,559562
208,Lie,100,315,2,17,85202
209,Walking The Wire,3,0,0,0,0
210,4r Da Squaw,100,279,5,26,181
211,To the Bone,100,57,2,12,81635
212,Issues/Hold On,100,59,2,10,4594
213,Symphony (feat. Zara Larsson),1,0,0,0,0
214,Valuable Pain,76,7,0,1,0
215,Get You (feat. Kali Uchis),100,129,0,49,858
216,You Broke My Heart Again,100,9,0,6,89561
217,No More Parties In LA,100,56,1,13,114857
218,If I Ever Get You Back,99,430,2,34,2909
219,Unstoppable,100,82,1,13,1480
220,To Hell & Back,100,59,1,13,3102
221,Cool Yule,2,0,0,0,0
222,Neva Cared,3,0,0,0,0
223,Calm Rain Storm & Gentle White Noise,89,217,2,61,138
224,Nice For What,100,76,2,17,10337
225,Feel Special,100,3,0,2,61029
226,Candy (feat. Trippie Redd),100,64,1,15,18168
227,ROCKSTAR (feat. Roddy Ricch),30,6,0,1,2
228,breathin,99,42,3,16,5390
229,Hard For,99,155,0,37,1425
230,Captain Hook,100,148,1,16,407204
231,Barbie Dreams,100,80,2,3,105684
232,Thy Will,100,22,2,22,26252
233,TESTIFY,100,15,0,15,10965
234,"Horses (with PnB Rock, Kodak Black & A Boogie Wit da Hoodie)",99,125,1,29,232
235,Without You (feat. Sandro Cavazza),6,0,0,0,0
236,Tengo Que Colgar,12,3,0,0,7537
237,Girls Need Love,99,787,5,22,1185
238,New,19,1,0,0,2
239,Best Shot,99,211,3,30,2576
240,Adderall (Corvette Corvette) - Remix,100,46,0,8,26650
241,Touch You,25,2,0,1,0
242,Flash Bang,66,12,2,5,4
243,Cat Girls Are Ruining My Life!,15,2,0,0,4
244,Kill This Love,6,0,0,0,0
245,Sugarcane,100,112,92,34,1412
246,Curse,98,48,2,16,4579
247,Popular Monster,100,231,7,19,975
248,Ladeando (feat. Fuerza Regida),99,3,0,0,12030
249,Not A Rapper (feat. Lil Baby & Yo Gotti),1,3,0,0,0
250,Shake The Room (feat. Quavo),100,274,0,34,20694
251,Doin' Time,100,191,4,36,10154
252,&burn (with Vince Staples),99,95,2,12,58038
253,Pardon (feat. Lil Baby),100,102,1,28,3367
254,Spice Girl,100,1,0,2,15010
255,Ghost Town,97,128,3,14,195
256,I Don't Care (with Justin Bieber),99,116,4,24,568
257,For The Night (feat. Lil Baby & DaBaby),3,0,0,0,0
258,Midnight (feat. Liam Payne),16,4,0,2,626
259,Stuntin' On You (feat. DaBaby),100,21,1,5,755268
260,when the party's over,10,23,0,2,4
261,FDT,13,5,0,0,2
262,All Thee Above (feat. Kevin Gates),15,8,0,1,6
263,Who You Foolin,100,53,1,20,1164
264,Honey Pain,100,3,0,0,0
265,Hate The Other Side (with Marshmello & The Kid Laroi),99,99,5,20,2556
266,Cabinet Man,11,118,0,8,2
267,Thinking Bout You,15,33,0,2,2
268,THE SCOTTS,97,114,3,21,10103
269,Coffee (feat. Marc E. Bassy),100,51,2,6,9628
270,wish u the best,100,187,3,31,458
271,DEVIL,100,29,0,7,26573
272,i miss the old u,100,206,6,30,441
273,On My Way to You,100,71,1,24,12560
274,11 Minutes (with Halsey feat. Travis Barker),100,166,0,6,1899
275,Dancing With A Stranger (with Normani),33,26,0,1,56
276,thinking of you,2,0,0,0,0
277,Tirando la H,100,12,0,2,6413
278,Mr Red White and Blue,100,42,0,19,3833
279,Drowning (feat. Kodak Black),100,3,0,0,704926
280,Put It Down,99,244,1,51,2232
281,Head & Heart (feat. MNEK),5,4,0,1,0
282,MALDITA POBREZA,99,263,41,62,2024
283,Cozy Little Christmas,7,6,0,1,0
284,$$$ - with Matt Ox,15,2,0,1,5428
285,Aero Noise,100,50,17,26,5901
286,Crazy = Genius,99,112,2,13,8250
287,I Can't Breathe,100,41,0,6,33692
288,Yam Yam,99,70,6,14,350
289,Overwhelmed,5,1,0,0,0
290,Here Tonight,100,4,0,6,289235
291,Darkside,100,19,0,21,28738
292,COFFEE BEAN,1,0,0,0,0
293,Bitchuary,100,55,0,10,35385
294,Woman (feat. The Dap-Kings Horns),5,0,0,0,0
295,Reloj,9,0,0,0,0
296,Honeybee,43,24,2,3,6
297,Bichiyal,100,1,0,1,168891
298,PRIMADONA,3,0,0,0,0
299,Red Roses (feat. Landon Cube),3,1,0,1,0
300,Dancing With Your Ghost,100,11,0,5,29553
301,Moon & Stars (feat. Maggie Lindemann),99,101,4,45,689
302,Thunderstorm In The Cabin,34,87,1,20,5
303,Candy Cane Lane,100,84,0,33,85
304,D (Half Moon),99,128,9,35,1226
305,Music Sounds Better with You,100,91,3,31,126
306,MODUS,98,104,1,18,29
307,Took Her To The O,51,91,1,7,285
308,The Law (feat. Mac Miller & Rapsody),99,72,5,18,279
309,ATTENTION!,100,91,1,8,14761
310,Molly (feat. Sheff G),5,3,0,2,0
311,Don't Cry (feat. XXXTENTACION),99,89,10,39,3936
312,Resentment,6,0,0,0,0
313,White Noise Rain Sound,100,208,8,53,306
314,Hoodie,100,66,2,20,207430
315,"F*CK YOU, GOODBYE (feat. Machine Gun Kelly)",84,63,4,18,627
316,4 Thangs (feat. Big Sean & Hit-Boy),100,72,1,10,1735
317,LOYALTY. FEAT. RIHANNA.,100,7,0,1,31179
318,To Die For,58,11,2,0,13
319,Lay My Claim,99,176,6,36,882
320,THRU THE NIGHT (feat. Bryson Tiller),22,12,0,3,0
321,Leaked,100,159,1,20,5674
322,If I Could Tell Her,99,209,69,98,217
323,Astrovan,98,229,7,21,211
324,Myron,22,18,0,1,0
325,Normal Girl,7,5,0,3,0
326,Sanguine Paradise,2,20,0,1,2
327,Will you be there when I wake up,43,11,1,2,4
328,sdp interlude,100,80,2,37,259
329,LIKE I WANT YOU,97,141,2,23,654
330,Cuban Links,22,24,0,6,6
331,Con Altura,59,108,3,27,673
332,Lie To Me (feat. Julia Michaels),97,99,4,20,38
333,i wanna be your girlfriend,5,0,0,0,1
334,Summer Days (feat. Macklemore & Patrick Stump of Fall Out Boy),29,12,0,1,11
335,Crush Culture,10,6,0,1,0
336,How Far I'll Go,98,153,3,17,4306
337,The Git Up,99,74,0,28,32
338,Robarte un Beso,4,4,0,3,6
339,Say It,100,124,4,17,2292
340,Good Example (with Andy Grammer),100,139,2,29,761
341,Chosen (feat. Ty Dolla $ign),17,1,0,0,0
342,Cake By The Ocean,3,2,0,1,0
343,River Rain Fall,16,15,0,1,18
344,DEL Negociante,4,25,0,2,2
345,Dark Days,99,83,1,17,1487
346,Jiyuu no Tsubasa,100,76,3,17,6302
347,Impossible Year,35,82,2,9,881
348,WHAT TO DO? (feat. Don Toliver),100,14,0,3,140582
349,Coming Back (feat. Mac Miller),100,53,4,15,199727
350,White Noise - Loopable With No Fade,100,261,0,20,139
351,24 (feat. Lil Baby),100,55,3,11,772
352,Devil Eyes,9,0,0,0,0
353,Saint Bernard,100,310,1,20,995
354,Mile High (feat. Travis Scott & Metro Boomin),99,13,0,8,82845
355,OOOWWWEEE,8,4,0,0,30
356,Can't Love Myself,100,8,0,6,149346
357,Wild (feat. Gary Clark Jr.),6,0,0,0,0
358,Come Through and Chill (feat. J. Cole & Salaam Remi),100,31,1,19,10830
359,BDE Bonus,11,111,8,14,12
360,Nothing Like You,100,18,0,14,3852
361,Talk 2 U,26,1,0,1,0
362,White Noise - 145 hz,16,16,0,1,34
363,Wish - Trippie Mix,99,95,18,18,2671
364,El Envidioso,100,11,0,4,14261
365,Gimme Love,100,53,0,55,45
366,Rags2Riches (feat. ATR Son Son),100,186,3,42,652
367,Logo Te Pate,100,147,2,66,2774
368,Keep Floatin',1,0,0,2,0
369,El de La Codeina,21,20,0,3,10
370,CITY OF ANGELS,100,45,1,14,95441
371,Scared to Be Lonely,100,150,4,22,10116
372,Black Smoke Rising,100,515,2,30,268
373,Downpoar,48,21,4,1,16
374,Neighbors,100,3,0,2,59472
375,Some Girls,100,14,0,5,48345
376,Like It's Christmas,100,68,0,28,137
377,Yes Indeed,99,18,1,15,8450
378,Yo Ya No Vuelvo Contigo - En Vivo,11,4,0,1,0
379,Love Scars,100,426,8,15,2339
380,Level Up,2,2,0,0,0
381,Terminal Sex,100,44,0,17,72423
382,everytime,23,3,0,0,2
383,Venom - Music From The Motion Picture,96,506,9,32,411
384,drivers license,1,0,0,0,0
385,"Try Everything - From ""Zootropolis""",100,7,0,6,15592
386,Blue Collar Boys,33,25,0,6,257
387,Say So,5,3,0,0,0
388,"WHATS POPPIN (feat. DaBaby, Tory Lanez & Lil Wayne) - Remix",100,16,0,7,3067
389,Where This Flower Blooms (feat. Frank Ocean),18,12,1,2,0
390,IDK You Yet,100,6,0,2,12498
391,Privacy,100,174,5,16,2919
392,go with u,8,0,0,0,320
393,Dancing On My Own,99,59,9,15,35659
394,hot girl bummer,7,1,0,0,0
395,Big Fan Dulled,100,31,0,9,21522
396,Calm Pour,47,46,1,3,15
397,Love Hurts (feat. Travis Scott),100,113,3,23,9218
398,"Lyric Pieces, Book 5, Op. 54: Nocturne",24,2,0,1,2
399,GIRL LIKE ME,100,84,3,18,24666
400,Mama Cry,100,805,13,20,4455
401,Hotline Bling,37,23,1,5,34
402,I Get the Bag (feat. Migos),98,88,3,32,22
403,OK,1,1,0,0,0
404,Breaking Down,100,133,2,23,144
405,Potato Salad,29,18,1,3,62893
406,Beige,83,95,8,10,4735
407,That Way - Bonus Track,8,1,0,0,0
408,Levitating (feat. DaBaby),8,16,0,3,0
409,Ultimate $uicide,10,0,0,0,0
410,The Box,100,90,3,85,64
411,Bacc Seat (feat. Ty Dolla $ign),100,6,0,7,82242
412,Ayy Macarena,100,0,0,2,10921
413,All These Niggas (feat. Lil Durk),100,12,0,1,31369
414,Vice,100,4,0,1,102455
415,Dame Tu Calor,100,28,3,16,12242
416,Boku no Sensou - TV Size,98,77,1,19,3926
417,ATM,12,12,1,2,12
418,Sky Walker (feat. Travis Scott),100,123,0,33,9549
419,Weekend,21,4,0,1,5
420,Whiskey Glasses,50,111,1,13,38
0,Get Along,100,67,1,21,16902
1,No Fear,100,34,1,19,2453
2,"Just for a Moment - From ""High School Musical: The Musical: The Series""",100,24,1,12,71976
3,At My Worst,99,74,4,30,821
4,Motion Sickness,100,120,2,7,3609
5,Navajo,40,15,0,6,2
6,Tiimmy Turner,100,4,1,1,12770
7,Deepthroat,5,0,0,0,0
8,"Agua (with J Balvin) - Music From ""Sponge On The Run"" Movie",1,0,0,0,0
9,Still Cold / Pathway Private,36,27,1,8,110
10,Pope Is a Rockstar,100,24,0,12,1262
11,STFU,27,22,0,0,8
12,HAD ENOUGH (feat. Quavo & Offset),7,0,0,0,0
13,223's (feat. 9lokknine),99,144,5,26,423
14,False Confidence,99,86,8,10,25134
15,New Thang,100,105,4,20,549
16,Swish,100,76,0,24,1737
17,YOSEMITE,18,0,0,0,1212
18,hole in the bottle (with Shania Twain),47,79,2,6,3562
19,Sweet Disaster,100,80,0,27,835
20,Tunnel Vision,1,0,0,0,0
21,American Country Love Song,99,29,0,4,20370
22,Even Though I'm Leaving,24,17,1,2,2
23,Litty (feat. Tory Lanez),98,13,0,2,86157
24,The Rest of Our Life,99,159,2,18,17196
25,Save That Shit,100,53,2,9,2502
26,Light On,2,3,0,0,0
27,Come Closer (feat. Queen Naija),100,32,4,13,5344
28,WANNABE,100,5,0,2,42559
29,FEAR.,78,66,1,9,5802
30,What If I Never Get Over You,1,0,0,0,0
31,Woke The F*ck Up,100,99,1,32,93650
32,TE MUDASTE,100,29,3,15,15514
33,Make You Mine,100,20,0,10,213826
34,Leave Me Alone,100,211,5,12,9544
35,Carbonated Water,100,27,2,31,3147
36,No Option,6,1,0,0,0
37,FLIP THE SWITCH (feat. Drake),100,115,3,33,6637
38,Toosie Slide,99,116,2,18,2063
39,Ranada,20,9,1,2,51
40,Swalla (feat. Nicki Minaj & Ty Dolla $ign),99,181,1,36,189
41,Sauce It Up,100,6,0,0,291766
42,Titanic,100,24,1,6,6275
43,Nothing Without You,100,212,5,41,7988
44,Tequila Shots,99,71,6,40,1559
45,Girls Like You,49,49,9,4,104
46,Deep End Freestyle,99,69,2,42,1030
47,You Broke Up with Me,6,5,0,1,0
48,Grey Luh,100,21,2,7,10294
49,Paris in the Rain,100,97,1,22,17879
50,Jackie Chan,100,475,7,100,7378
51,my new love,100,257,0,35,1579
52,If You Want Love,100,3,0,1,33011
53,Trauma,7,13,0,1,2
54,What Makes You Country,100,216,4,56,432
55,Mr. Clean,100,59,3,15,2462
56,Finer Things,14,1,0,0,0
57,iSpy (feat. Lil Yachty),100,65,0,23,15937
58,The Lucky Ones,100,5,0,0,200795
59,From the Ground Up,97,193,1,54,257
60,I'm Not Famous,2,5,0,0,2
61,People Need A Melody,99,55,4,9,1098
62,Deep Wounds,100,24,1,25,95232
63,Afterglow,100,1,0,0,193346
64,Mob Ties,9,0,0,0,0
65,X (with 2 Chainz & Saudi),100,40,0,7,22525
66,Minnesota,100,3,0,5,598260
67,Teeth,99,152,1,24,824
68,OK Not To Be OK,100,33,3,9,6099
69,Birthday Bitch,38,44,0,11,2638
70,Don't Wanna Breathe,1,0,0,0,0
71,Charleston Girl (Live),100,9,0,1,66591
72,damn!,24,0,1,0,0
73,Slippery (feat. Gucci Mane),99,759,3,36,2067
74,7 Summers,22,23,0,0,8
75,Stuck in the Mud (feat. SZA),100,31,0,5,7072
76,Party Monster,40,88,1,12,423
77,Sand In My Boots,100,27,1,10,4956
78,Stacy,54,26,1,5,28
79,DOLLAZ ON MY HEAD (feat. Young Thug),100,46,0,21,27915
80,The Bigger Picture,99,179,3,18,13002
81,Off the Wall!,100,7,0,1,12568
82,Avoid,1,0,0,0,0
83,Jet Lag (feat. Young Scooter),100,70,3,11,5603
84,"Sit Still, Look Pretty",5,3,0,1,0
85,Memoirs Of A Gorilla,95,58,2,51,5
86,My Jinji,31,72,2,9,7
87,El Efecto - Remix,81,210,3,48,456
88,Rich And Blind,2,0,0,0,0
89,Heartless - Wallen Album Mix,100,7,0,2,1355408
90,Euphoria,100,116,1,22,5031
91,Neither Do I,100,61,3,13,2959
92,La Santa,100,313,1,80,224
93,Oceans Away,100,94,2,19,4000
94,The Mandalorian,98,136,2,54,76
95,Brown Noise,100,55,1,17,900
96,Angels & Demons,13,4,0,4,0
97,Pop Out (feat. Lil Tjay),100,48,0,16,309203
98,The Struggle Is Real,100,53,2,11,6883
99,I Like Me Better,1,1,0,0,0
100,"Elevate (feat. Denzel Curry, YBN Cordae, SwaVay, Trevor Rich)",84,125,6,40,134
101,Sick of Losing Soulmates,100,44,1,16,7093
102,There for You,100,2,0,3,47527
103,Another,100,32,0,5,296634
104,no tears left to cry,32,7,0,7,4
105,Way Out (feat. Big Sean),100,19,1,4,28693
106,Plastic,98,111,5,16,323
107,One Of Them Girls,5,2,0,0,0
108,Pothole (feat. Jaden Smith),100,9,1,15,5213
109,XO,100,285,9,55,15614
110,WANTED U,100,122,3,17,19813
111,I Am Not Afraid,99,251,2,83,2781
112,Show Yourself,100,18,2,13,25149
113,CAROUSEL,99,106,3,15,2267
114,Rain Droplets,99,16,1,7,36282
115,Speechless,99,27,2,12,23340
116,lowkey,100,36,1,16,17227
117,THat Part,100,136,11,21,357
118,Never Be Sorry,3,1,0,0,0
119,Move Your Feet / D.A.N.C.E. / It's A Sunshine Day,2,3,0,1,0
120,Flood My Wrist (feat. Lil Uzi Vert),5,7,0,0,2
121,There's No Way (feat. Julia Michaels),98,170,4,28,6213
122,Vaina Loca,2,0,0,0,0
123,The Ways (with Swae Lee),1,0,0,0,0
124,Throwaway (with Clairo),14,16,0,1,0
125,Enjoy Yourself (feat. Karol G),100,3,0,1,125390
126,Fake Love,32,113,1,3,59
127,Freedom (feat. Kendrick Lamar),100,230,10,18,1812
128,Uber Everywhere,9,15,2,2,0
129,Commercial (feat. Lil Uzi Vert),100,1,0,1,164610
130,Rich,99,131,5,41,580
131,Blame It On Me,100,51,1,5,111107
132,Go Big Or Go Home,100,2,0,2,142547
133,Better,99,387,2,44,3768
134,All Eyes On Us,99,118,3,32,157528
135,Green Lights,99,115,9,25,1407
136,Prom Queen,100,66,4,21,1557
137,By Design,9,21,0,2,12
138,E. Coli (feat. Earl Sweatshirt),23,7,0,0,0
139,"CAN'T STOP THE FEELING! (Original Song from DreamWorks Animation's ""TROLLS"")",11,11,0,2,0
140,wRoNg (feat. Kehlani),98,86,3,21,398
141,Hasta el Amanecer,7,0,0,0,0
142,What's Up Danger (with Black Caviar),97,122,3,13,955
143,"Do You Mind (feat. Nicki Minaj, Chris Brown, August Alsina, Jeremih, Future & Rick Ross)",30,18,2,4,16
144,Queens Don't,100,4,0,4,30436
145,Chanel (Go Get It) [feat. Gunna & Lil Baby],100,2,0,3,23334
146,Vas,100,127,1,12,826
147,P2,100,3,0,2,9276
148,seoul (prod. HONNE),100,167,3,31,902
149,Saint,100,189,2,26,1487
150,It's A Vibe,99,238,3,14,1328
151,Welcome To The Party,11,1,0,0,0
152,Eternal Youth,100,54,0,37,2533
153,Singles You Up,100,83,2,16,1892
154,What Am I,100,9,0,4,594540
155,Glock In My Lap,100,19,0,1,11210
156,Be Alright,21,4,0,0,6
157,Stay High,100,26,1,24,63482
158,Am I Wrong (feat. ScHoolboy Q),13,3,0,1,2
159,@ MEH,100,81,0,26,6126
160,Must've Never Met You,99,324,9,74,159
161,YO LE LLEGO,100,120,2,42,12576
162,Hide Away,3,0,0,0,0
163,NO FUN,5,6,0,1,0
164,Chevrolet Cuatro por Cuatro,14,2,0,0,2
165,All the Smoke (feat. Gunna & Wiz Khalifa),100,2,0,1,183389
166,Baby Dreams PT 2,10,3,0,2,0
167,Demons and Angels (feat. Juice WRLD),27,3,0,4,0
168,parents,99,118,2,27,108
169,Te Apuesto - En vivo,14,122,0,1,0
170,Mixed Personalities (feat. Kanye West),100,59,2,16,3287
171,Writer In The Dark,99,113,3,40,6629
172,Thunderstorm By The Waterfall,99,17,0,8,36412
173,S.O.S. (Sawed Off Shotgun),2,0,0,0,0
174,Rodeo,99,117,2,41,10555
175,Still Beating,13,3,1,0,0
176,Youngblood,100,143,0,31,13
177,A Lo Lejos Me Veran,100,12,0,7,15755
178,In Luv With U,100,7,0,4,244557
179,Something New (feat. Ty Dolla $ign),100,132,3,25,1239
180,Lil Boat,100,98,2,19,425
181,Down Below,31,63,0,21,4
182,Demon,80,133,3,15,569
183,Jovial,100,103,8,27,1814
184,Not PLaying,100,196,5,25,86
185,Love Scars 3,100,5,0,0,27408
186,Beer Never Broke My Heart,100,154,5,17,18996
187,Paper Rings,100,174,18,10,29085
188,"Portland, Maine",100,35,2,19,1157
189,Consequences,100,12,0,3,166385
190,For the Glory,97,182,4,28,195
191,Are You That Somebody,100,11,0,7,1175
192,Six Feet Under,100,145,0,11,19081
193,love language,23,22,0,9,8
194,A Little Bit Yours,100,34,0,9,11974
195,That Way,100,39,1,11,38921
196,Pretty Heart,100,80,3,22,3757
197,Death Cup,100,295,4,23,2548
198,Weeeeee,100,9,0,2,53
199,Happy Now,9,0,0,0,1
200,Hey Kids,70,57,2,15,2398
201,It's Definitely You,100,138,2,24,3522
202,Burning Up (Fire),100,25,0,6,4593
203,Wish Wish (feat. Cardi B & 21 Savage),22,0,0,1,2
204,Love Talk - English Version,100,112,3,21,8037
205,New Light,51,5,0,1,0
206,LA DROGA,100,261,3,59,174
207,Good Old Days (feat. Kesha),16,6,0,0,4
208,Cool Girl,100,21,2,12,74435
209,Going Bad (feat. Drake),100,53,0,12,98001
210,Single Again,100,22,1,9,80066
211,Hot (Remix) [feat. Gunna and Travis Scott],30,2,0,1,0
212,lie to me,98,42,0,5,45
213,Alien Boy,100,79,2,35,28170
214,Coffin,98,112,2,7,345
215,Swervin (feat. 6ix9ine),100,23,2,4,11299
216,Victory Lap (feat. Stacy Barthe),100,87,3,25,791
217,"All I Want - From ""High School Musical: The Musical: The Series""",5,0,0,0,0
218,Cold Water,100,0,0,1,33004
219,Piel de Seda,23,19,1,0,4
220,Tic Tac,100,17,0,11,1406269
221,Chosen 1,100,99,6,58,244
222,Documentary (feat. Bigga Rankin),100,43,1,5,6404
223,Personal,1,0,0,0,0
224,Double Up (feat. Belly and Dom Kennedy),100,132,1,30,13521
225,affection,10,0,0,0,0
226,RAP DEVIL,100,30,1,6,68210
227,Angela,99,111,3,27,37057
228,Tinted Eyes (feat. blackbear & 24kGoldn),100,69,2,7,3849
229,DUCKWORTH.,2,3,0,0,0
230,Close Friends (Lil Baby & Gunna),1,4,0,0,0
231,Know Your Worth,100,19,0,4,363710
232,5% TINT,100,77,2,23,2758
233,Emotionally Scarred,100,37,3,7,18529
234,All We Got (feat. Kanye West & Chicago Children's Choir),100,169,2,70,8
235,I Need You Christmas,99,235,0,23,1120
236,Don't Mind,39,52,1,13,78
237,Come Back to Earth,16,8,0,2,0
238,Catch Me Outside,96,140,2,14,153
239,JumpOutTheHouse,41,1,0,1,8
240,The Adults Are Talking,100,40,0,10,260148
241,Outrunning Karma,100,1,0,4,16975
242,Hopeless Romantic (feat. Swae Lee),100,81,4,13,456
243,Young Dumb & Broke,100,82,92,35,8330
244,playboy shit (feat. lil aaron),100,146,0,15,4553
245,Backdoor,100,559,2,87,20
246,Una Vez,100,43,1,20,3099
247,Weston Road Flows,100,4,0,5,184029
248,wish you were gay,97,86,2,23,54
249,I Feel It Coming,54,16,0,1,26
250,Sex with a Ghost,99,40,1,23,2013
251,Solita,99,161,1,19,439
252,Worth It,100,108,4,5,13050
253,all the kids are depressed,100,74,3,15,463
254,She Got the Best of Me,99,94,1,28,1640
255,I Need U,3,1,0,1,0
256,Bubalu,100,303,9,34,2068
257,Moonbeam,27,18,1,3,4
258,Carrollton,100,251,6,27,45577
259,Breaking Me,100,9,0,12,2400
260,Caught Up In The Country,100,80,4,23,9498
261,Dark Necessities,43,58,2,30,228
262,The London (feat. J. Cole & Travis Scott),100,89,4,17,64831
263,Sex Talk,99,19,0,7,143527
264,ALWAYS DO,100,52,0,7,45687
265,Hear Me Calling,99,281,3,22,505
266,Freakin' Out On the Interstate,17,3,0,2,0
267,Sundress,16,16,1,3,9
268,Hair Up,100,8,0,2,4339
269,Do Not Disturb,100,40,2,4,5197
270,Scared Of Love,8,9,0,2,0
271,Champion (feat. Travis Scott),100,9,0,8,55171
272,En Donde Esta Tu Amor,39,218,3,0,398
273,Miss It,100,12,0,2,35609
274,closure,8,1,0,0,372
275,Please Keep Loving Me,27,2,0,0,0
276,VILLAIN,3,1,1,1,0
277,Me On Whiskey,100,11,2,2,42787
278,Easier,100,136,2,6,1659
279,Middle of a Memory,29,60,2,4,88
280,ZEZE (feat. Travis Scott & Offset),6,12,0,0,2
281,Love & War in Your Twenties,97,87,1,38,11792
282,Waiting for You,49,47,2,24,21
283,Losin Control,100,258,0,30,3155
284,We (feat. CeeLo Green),12,4,0,0,0
285,Quick Musical Doodles,99,56,2,6,3869
286,Suicidal Thoughts,100,60,8,21,38234
287,Chopper City,1,0,0,0,0
288,Tungs,100,78,2,23,466
289,The Christmas Song (Shawn Mendes & Camila Cabello),100,10,0,6,10158
290,Shallow - Radio Edit,100,26,1,12,125522
291,First Fuck,99,75,1,35,704
292,Passionfruit,23,9,0,0,2
293,"Leave Em Alone (Layton Greene, Lil Baby feat. City Girls, PnB Rock)",100,144,4,31,1564
294,Pop Out Again (feat. Lil Baby & Gunna),99,209,2,28,49042
295,You Make It Feel Like Christmas (feat. Blake Shelton),100,0,0,1,60812
296,you were good to me,10,5,1,1,0
297,Psycho!,100,7,0,2,16118
298,Stigma,3,6,1,1,0
299,WHO? WHAT!,100,202,8,48,1674
300,Used to This (feat. Drake),100,33,0,4,30124
301,Black Madonna,100,25,0,17,51696
302,Walk Me Home,100,17,1,3,33406
303,8,100,115,2,18,1332
304,Edge of Midnight (Midnight Sky Remix) (feat. Stevie Nicks),99,101,1,34,70
305,nasty,100,60,0,15,4420
306,PJ Masks Theme Song,100,108,3,26,3058
307,Hard To Forget,98,135,1,43,185
308,Something Just Like This,84,104,2,23,57250
309,PIKACHU,100,400,2,36,2429
310,Leray,41,27,0,12,10
311,Amphetamine,100,51,8,53,501
312,Crazy Train,100,3,0,3,61116
313,Reborn,13,27,0,2,0
314,BOYSHIT,13,23,0,4,4
315,Waving Through A Window,100,168,2,47,5064
316,Finally // beautiful stranger,100,32,6,16,7352
317,I'm Just a Kid,100,46,0,4,26736
318,Bih Yah,100,212,2,15,680
319,Nightlight,100,72,5,18,416
320,La Modelo,29,13,0,4,2
321,You Say I'm in Love,98,90,1,9,2527
322,Love Is More Depressing Than Depression,100,176,1,13,1835
323,No Heart,12,5,0,6,0
324,What's the Use?,100,423,8,111,2563
325,Kingston,99,236,6,32,30193
326,Up Up And Away,99,374,9,29,849
327,Gangstas,100,20,0,8,22567
328,Warm Forest Rain,3,2,0,0,0
329,4 Da Kidz,100,51,1,7,35
330,Free Spirit,99,30,0,15,29009
331,Million Reasons,100,139,7,37,27252
332,"Prune, You Talk Funny",100,138,2,8,32691
333,Emperor's New Clothes,100,36,2,10,231380
334,bad vibes forever,31,8,0,4,4
335,Blow Your Mind (Mwah),100,50,1,26,3243
336,way back,41,10,0,0,0
337,Meditate (feat. J.I.D.),100,53,1,13,2021
338,Walk It Talk It,100,24,0,2,32347
339,Dead To Me,100,32,1,10,3384
340,prom dress,13,1,0,0,0
341,PLAYING WITH FIRE,100,9,0,5,16819
342,"I'm Still Standing - From ""Sing"" Original Motion Picture Soundtrack",100,44,0,10,6254
343,Blue Hour,3,1,0,0,0
344,Gold Roses (feat. Drake),58,51,3,3,100
345,Black Mamba,8,1,0,0,2
346,POPSTAR (feat. Drake),99,116,1,14,9397
347,Hooked,6,5,1,0,0
348,Golden,100,8,0,7,224389
349,Camelot,99,22,1,23,6295
350,Stuck with U (with Justin Bieber),100,286,4,29,113
351,Paul,100,5,0,5,20780
352,Shallow,100,178,3,31,849
353,Both (feat. Drake),100,36,2,8,44134
354,"Dreams, Fairytales, Fantasies (feat. Brent Faiyaz & Salaam Remi)",6,14,1,3,0
355,All Night (feat. Knox Fortune),100,36,0,5,228160
356,Dance Monkey,99,68,3,28,1045
357,Donna's Tale,100,115,3,15,1426
358,Conversations,1,1,0,0,0
359,Bodak Yellow,25,24,0,5,37
360,El Drip,99,274,0,11,433
361,With Them,8,4,0,3,0
362,Lifelines,100,51,2,5,1872
363,All Week,100,65,2,15,6959
364,i dont want that many friends in the first place,9,1,0,1,0
365,Funeral,100,2,0,0,38414
366,the ends,16,5,0,1,2
367,drunk face,100,12,1,9,17805
368,Madrid (feat. Myke Towers),98,110,3,22,256
369,Euphoria (feat. Travis Scott & Kaash Paige),94,52,3,9,1924
370,HACIENDO QUE ME AMAS,100,47,1,19,1365
371,motive (with Doja Cat),5,7,1,7,0
372,Put A Little Love On Me,99,212,2,12,2463
373,Redbone,100,42,3,6,28399
374,Death (feat. DaBaby),97,117,6,11,280
375,DRUGS,98,47,81,19,21
376,Different 'Round Here,5,3,0,1,0
377,UN PESO,1,0,0,0,0
378,Summertime In Paris,100,3,0,2,84252
379,ICY GRL,100,73,4,10,6091
380,Likey,100,7,0,2,64
381,drink my piss you nasty slut yeah yeah,100,2,0,0,252685
382,Despacito - Remix,100,184,0,31,963
383,1950,100,40,0,11,5582
384,You're Somebody Else,9,11,1,0,2028
385,ilomilo,100,34,0,14,5707
386,Open Window Thunder Sounds,100,22,2,6,13709
387,Glass House (feat. Naomi Wild),34,25,0,10,5
388,Heatin Up (feat. Gunna),2,1,0,1,0
389,Myself,3,1,0,0,0
390,mirrorball,100,160,4,16,8464
391,If I Know Me,1,0,0,0,0
392,Renewal,2,3,0,0,0
393,Vida de Rico,99,180,1,46,64
394,Dissolve,100,33,0,8,486
395,Love Me Less (feat. Quinn XCII),100,26,0,3,107819
396,Pink + White,100,67,2,10,52984
397,Here Comes a Thought (feat. Estelle & AJ Michalka),100,29,1,18,9699
398,How Many Times,13,5,0,0,0
399,CIVIL WAR - Bonus,4,4,0,1,0
400,Sky Priority,94,17,0,7,5964964
401,I Wanna Know (feat. Bea Miller),98,167,2,37,538
402,She Sets The City On Fire,99,223,0,2,6242
403,Beautiful Trip,100,7,0,5,334123
404,Neck And Neck - DNMO Remix,23,8,1,3,0
405,A Life Where We Work Out (feat. Kaitlin Butts),100,22,0,13,26697
406,HOUSTONFORNICATION,100,26,1,12,41716
407,Truth Hurts,100,457,14,16,2137
408,goosebumps,100,36,1,8,100031
409,White Iverson,100,108,2,11,1022
410,Two Ghosts,100,127,5,34,58
411,Home Body (feat. Gunna & TK Kravitz),100,232,2,49,212
412,Legacy (feat. Travis Scott & 21 Savage),100,110,0,31,81425
413,Glittery - From The Kacey Musgraves Christmas Show,100,26,0,3,176851
414,Make It Right (feat. Lauv),100,81,1,29,6602
415,Texas Sun,2,0,0,0,0
416,"Eyes Blue Like The Atlantic, Pt. 2 (feat. Powfu, Alec Benjamin & Rxseboy)",8,10,0,0,0
417,Silence,24,46,2,7,14
418,The Race - Remix,99,122,10,71,385
419,That's What I Like,100,80,1,6,8225
420,Blu,100,75,8,29,4226
421,Square Hammer,100,3,0,1,11649
422,Losing Me,98,450,2,24,19934
423,Hay Niveles,97,481,11,81,1453
424,Blood On My Jeans,100,24,1,12,8233
425,Heading South,70,117,6,19,224
426,Sex With Me,3,1,0,0,0
427,INTRO,100,59,1,6,676
428,Agape,100,147,4,33,636
429,Line Of Sight (feat. WYNNE & Mansionair),100,70,0,21,150750
430,"Slide (Remix) (feat. Pop Smoke, A Boogie Wit da Hoodie & Chris Brown)",99,329,1,31,152
431,How - demo,5,3,0,1,0
432,Lean Wit Me,31,22,0,2,55239
433,When I'm Down,14,21,0,1,30
0,Broken Up,100,47,0,13,1514
1,welcome and goodbye,15,30,1,4,2
2,What's Mine Is Yours,100,218,4,33,350
3,Aullando,100,19,0,10,5207
4,No Elegi Conocerte,44,28,1,2,6
5,White Tee - Alternate Bass Boosted Version,3,4,0,0,0
6,Don't Call Me Up,99,73,2,10,156
7,Barking,100,72,0,25,1911
8,Dreams Tonite,59,334,1,52,52
9,Baby Shark,99,28,1,18,31010
10,Swim,100,10,0,2,58417
11,Look Back at It,100,122,0,14,12701
12,Playing Games,100,64,3,29,7037
13,Whitehouse Road (OurVinyl Sessions),1,0,0,0,0
14,Walls Talking,50,18,0,6,554
15,Sick and Tired (ft. Machine Gun Kelly and Travis Barker),100,7,0,4,34507
16,TEMPTATION,5,0,0,0,0
17,"10,000 Hours (with Justin Bieber)",100,21,0,3,32009
18,Sensitive,2,1,0,0,2
19,I Fell in Love with You One Night in September,100,14,3,9,40864
20,this girl,3,4,0,0,0
21,Parce (feat. Justin Quiles),100,6,0,3,109581
22,like that,100,64,4,11,17806
23,THE BADDEST,25,20,0,1,12
24,Deadman's Curve (Live),100,9,0,2,30470
25,Monsters (feat. blackbear),2,2,0,2,0
26,Fall in Love,24,9,1,7,3608
27,"Fire On Fire - From ""Watership Down""",100,164,68,20,2808
28,Box Fan Rest Sound,97,426,2,37,640
29,Ari's Tale,100,43,0,53,155
30,bitches broken hearts,13,0,0,0,0
31,Walked Through Hell,100,163,3,34,24360
32,Cleopatra,15,11,0,7,2
33,La Gozadera (feat. Marc Anthony),99,21,0,4,65745
34,Killshot,72,142,2,12,2719
35,Sugar Wraith,98,119,4,25,19
36,emotions,59,67,1,11,22
37,Wild Irish Roses,7,2,0,0,0
38,I Won't Give In,9,0,0,0,0
39,Hearts Don't Break Around Here,100,234,3,20,3129
40,Play with Fire (feat. Yacht Money),98,19,0,3,14
41,Sober Up (feat. Rivers Cuomo),98,334,1,32,36
42,Way down We Go,99,37,0,14,11300
43,Rose Golden,100,7,0,1,162577
44,"Hey Look Ma, I Made It",30,18,0,3,12
45,Did It Again,100,2,0,2,139150
46,marjorie,100,216,1,14,10638
47,Relationship (feat. Future),7,1,0,0,0
48,Tired,8,2,0,1,0
49,Married To The Game,100,0,0,0,8860
50,Get Dripped (feat. Playboi Carti),100,116,5,22,2588
51,Eleven (feat. Summer Walker),100,1,0,0,65994
52,GENOCIDE,100,0,0,2,848653
53,Next Girl,11,0,0,0,0
54,FACE,100,8,1,1,143578
55,Pure Brown Noise - Loopable with no fade,31,7,2,1,3
56,On Me,20,3,0,0,75
57,You Don't Own Me (feat. G-Eazy),74,195,1,6,44
58,Spring Day,48,390,2,30,30
59,Arcade (feat. FLETCHER),100,59,1,10,3091
60,Water on Water on Water,98,232,1,25,6440
61,Pretty Little Fears (feat. J. Cole),5,1,0,0,2
62,Rain Gutter,100,70,2,25,29575
63,Robbery,99,178,3,37,557
64,Craving You,100,21,2,6,7553
65,"Thunderclouds (feat. Sia, Diplo, and Labrinth)",98,12,0,2,24439
66,do re mi,33,188,0,11,12
67,Southern Land,3,0,0,0,0
68,Apocalypse,100,106,0,31,37077
69,Walk Man,100,3,0,0,357122
70,1 SIDED LOVE,100,16,0,3,26986
71,"God, Your Mama, And Me",100,120,12,22,794
72,Monsun Rain Fall,100,46,5,4,22141
73,Floor Seats (Text Back),6,3,1,0,2
74,Undivided,100,469,3,10,184
75,Blood Sweat & Tears,100,204,0,27,9396
76,Losing,8,2,0,0,2
77,Tuff,100,11,0,11,12968
78,Old Town Road - Remix,100,18,0,4,38035
79,"Bands (feat. OhGeesy, Fenix Flexin & Master Kato)",99,41,72,14,209
80,Blue Ain't Your Color,50,65,1,12,4
81,Half Light,99,2101,17,125,422
82,Peta (feat. Meek Mill),100,56,1,23,46770
83,Thief,99,42,0,13,12643
84,drugs,7,4,0,1,0
85,party favor,100,77,5,18,1328
86,Rich & Sad,22,41,6,3,30
87,Loving Is Easy,100,153,4,49,93
88,I'm Upset,100,50,0,9,15
89,Only Human,20,37,0,3,51
90,Ronda (Winners),100,8,1,7,16141
91,Lil Top,99,159,4,36,79
92,Baby You're Worth It,99,348,2,58,80
93,Stir Fry,100,319,5,4,18405
94,Cut To The Feeling,100,30,0,9,7321
95,Money Made Me Do It,100,1,0,1,33176
96,Diosa,100,46,4,16,4720
97,Why We Drink,11,9,0,3,330
98,Kinda Don't Care,38,9,0,2,2
99,LOST IN PARADISE,99,90,103,12,502
100,SKELETONS,100,70,1,21,6183
101,Congratulations,17,47,0,10,14
102,Someone You Loved,2,20,0,1,2
103,Broken Smile (My All),45,30,1,4,138
104,"Ego Death (feat. Kanye West, FKA twigs & Skrillex)",100,13,0,13,470834
105,Chica Ideal,100,43,7,12,293168
106,Last Shot,9,3,0,0,0
107,Baila Baila Baila - Remix,100,21,1,15,5436
108,Clean White Noise - Loopable with no fade,24,14,0,1,0
109,Confidently Lost,17,11,0,2,0
110,YOU'RE THE ONE,100,267,1,36,1683
111,La Bicicleta,100,189,2,22,329
112,Looking Down the Barrel of Today,20,0,0,0,0
113,Violent Crimes,99,152,7,22,2117
114,Kings of Summer - Single Version,2,1,0,0,0
115,Crew (feat. Brent Faiyaz & Shy Glizzy),100,157,3,35,80
116,Quit (feat. Ariana Grande),100,99,1,113,11578
117,Fly To My Room,26,7,0,3,0
118,ILoveUIHateU,100,5,0,4,24421
119,"No More (feat. Travis Scott, Kodak Black & 21 Savage)",100,23,0,10,10
120,En mode survie,15,0,0,0,0
121,"Shadow Man (feat. Phoelix, Smino & Saba)",62,69,4,0,185
122,The Lotto,100,23,0,14,64609
123,just like magic,100,5,0,3,28500
124,Hello (feat. A Boogie Wit da Hoodie),100,26,2,16,7306
125,The Man,100,1797,10,60,262
126,Someone To Spend Time With,6,5,0,0,20
127,my ex's best friend (with blackbear),100,108,1,32,3678
128,Nobody But You (Duet with Gwen Stefani),100,31,0,14,2401
129,Meh,90,781,17,67,248
130,Regardless,100,36,1,40,37
131,Element,28,16,0,6,0
132,200 Mph,10,3,0,0,2
133,528 Hz Love Frequency,99,2710,17,30,2277
134,No Smoke,100,42,0,12,12922
135,THAT BITCH,12,5,0,0,2
136,Stupid Deep,100,63,0,10,17119
137,U Said,100,1583,2,50,324
138,Dope on a Rope,100,17,0,8,6927
139,Hey Julie! (feat. Lil Yachty),21,58,0,2,1082
140,Muwop (feat. Gucci Mane),100,425,8,35,305
141,Dubai Shit,100,9,0,6,69930
142,better off,100,28,1,17,18293
143,Pretty Girl - Cheat Codes X CADE Remix,18,6,1,0,6
144,In Bloom,100,81,4,26,1472
145,Georgia Time,41,10,0,2,0
146,The Cure,100,17,0,13,6714
147,Bet You Wanna (feat. Cardi B),5,3,0,0,0
148,High Right Now,3,0,0,0,0
149,dorothea,83,97,0,28,14305
150,BUTTERFLY EFFECT,100,10,0,2,57173
151,Purple Emoji (feat. J. Cole),10,5,0,0,0
152,Getting Good,6,0,0,0,0
153,rockstar (feat. 21 Savage),99,93,2,21,100
154,NUMB,100,4,0,1,33548
155,Wanted You (feat. Lil Uzi Vert),99,9,0,14,36693
156,On Me (feat. Ava Max),100,6,0,6,127168
157,Scott and Ramona,12,3,0,2,2
158,Another Day,98,105,4,28,2002
159,Her World or Mine,99,164,3,27,1466
160,"King's Dead (with Kendrick Lamar, Future & James Blake)",19,13,3,2,4
161,survivin',41,64,1,9,202
162,moment,100,10,0,3,598415
163,Canyon Moon,100,28,1,7,66092
164,Hated,100,0,0,0,75224
165,Summer Time High Time,99,75,1,20,1632
166,Cover Me Up,100,17,1,4,25359
167,Wavy (feat. Joe Moses),99,9,0,1,895903
168,Dead Weight,100,45,69,17,1175
169,GUD VIBRATIONS,21,4,1,2,2
170,Malibu 1992,8,0,0,0,21239
171,Look At Me!,1,0,0,0,0
172,"Sorry, I Like You",100,62,3,17,1879
173,HOME,4,2,0,2,0
174,Kill The Lights (with Nile Rodgers) - Audien Remix,100,106,1,51,50
175,One Man Band,6,0,0,0,0
176,Nate,3,73,0,1,6
177,Boy With Luv (feat. Halsey),2,10,0,0,2
178,come out and play,17,11,0,3,6
179,Addicted to My Ex,100,55,1,9,44065
180,10%,100,1,0,2,78496
181,Scared of the Dark (feat. XXXTENTACION),4,0,0,1,0
182,Into the Unknown,5,4,0,1,15
183,Tap (feat. Meek Mill),100,95,3,16,477
184,Pork Soda,95,81,0,23,1360
185,When Love's Around (feat. Syd),100,532,6,37,1796
186,I'm Just Your Problem (feat. Olivia Olson),100,153,1,26,1358
187,Summer Rain 2,43,31,2,3,8
188,Floating (feat. Khalid),100,93,3,32,27701
189,DEVASTATED,99,187,5,29,48
190,Mayores,100,71,3,20,1419
191,I Think I'm OKAY (with YUNGBLUD & Travis Barker),100,88,4,26,22938
192,Brown Noise Hall Verb,100,65,0,11,376228
193,Moonlight Shawty,100,75,1,3,718
194,ZTFO,14,23,0,3,12
195,witchblades,100,11,1,4,66283
196,Internet Sensation,100,22,1,9,2877
197,Shoulda Named It After Me,100,42,2,8,264
198,GATTI,100,34,3,15,1918
199,Drug Dealers Anonymous,99,50,0,15,3133
200,Living Single,100,28,0,16,51325
201,Boys Ain't Shit,100,206,10,26,1722
202,Don't Tread on Me (feat. Earl Dibbles Jr.),100,5,0,4,267145
203,Robin Hood,100,149,3,24,2706
204,Star Shopping,100,115,0,21,2376
205,Fine China,7,0,0,0,0
206,Ponte Pa' Mi,100,46,0,16,14679
207,I'm Born To Run,100,117,2,13,18120
208,Snowman,10,0,0,0,0
209,Berlin,72,24,0,2,98
210,By My Lonely,50,78,11,11,513
211,Tuesdays,15,5,0,0,0
212,Go Fuck Yourself,54,32,0,2,9
213,Way It Goes,1,0,0,0,0
214,Undrunk,100,101,1,52,12
215,Arms,99,136,5,26,286
216,Best Day Ever,4,0,0,1,121
217,The Lighthouse Keeper,1,0,0,0,0
218,shining on my ex,100,23,0,2,140528
219,Therapy Session,100,8,1,4,51780
220,Just About Over You - Radio Edit,100,16,3,6,32599
221,The Resistance,100,71,1,8,3730
222,Rags2Riches 2 (feat. Lil Baby),100,114,8,24,7976
223,More Than My Hometown,100,39,0,10,29507
224,Bury Me Face Down,9,13,0,1,0
225,Flex (feat. Juice WRLD),78,106,1,18,13276
226,Memory I Don't Mess With,29,52,1,8,30
227,Train Tracks (feat. Struggle),100,86,0,35,4028
228,RIP Roach,16,3,0,0,0
229,Hotel Key,54,76,2,23,100
230,An Innocent Warrior,98,58,4,23,1435
231,B.B. King Freestyle (with Drake),99,136,0,29,9851
232,Bora Bora,1,0,0,0,0
233,THICK,100,91,2,36,208
234,Backyard Boy,100,85,6,34,8
235,Creature,99,4,0,2,114161
236,Love On The Brain,99,64,0,6,217347
237,11 PM,1,0,0,0,0
238,Resurrecting (Live),100,80,2,7,13084
239,Famous (I'm The One) (feat. Yo Gotti & DeJ Loaf),8,14,0,5,0
240,Burn 'Em All,100,89,1,20,1669
241,Whole Lotta Choppas (Remix) [feat. Nicki Minaj],100,5,0,7,34770
242,CYANIDE,4,5,0,0,2
243,Still Be Friends (feat. Tory Lanez & Tyga),100,27,0,9,3533
244,Almost (Sweet Music),1,0,0,0,0
245,I.F.L.Y.,100,131,0,15,6016
246,Cocky Af,22,24,0,4,0
247,On My Mind (Jorja Smith X Preditah),90,206,8,66,45
248,Sick Boy,27,30,0,10,30374
249,Scary Love,99,282,7,17,1915
250,outside,100,5,0,3,121492
251,Pretty Savage,100,122,0,9,4309
252,Safe With Me (with Audrey Mika),100,5,1,4,133967
253,Best Friend (feat. Doja Cat),99,94,1,35,46
254,Hate Goes On,100,108,7,15,223
255,Onna Come Up,93,101,10,8,3989
256,BLACKOUT,11,14,0,5,0
257,Can I Get an Outlaw,100,103,4,18,6623
258,FIND MY WAY,100,0,0,0,1441975
259,911 / Mr. Lonely (feat. Frank Ocean & Steve Lacy),100,52,2,9,188103
260,In Case You Didn't Know,100,148,23,17,1013
261,"Psycho, Pt. 2",100,166,2,25,2325
262,Thru Your Phone,100,147,3,16,290
263,A GHETTO CHRISTMAS CAROL,100,113,2,14,6990
264,Fuck it I love you,17,9,0,1,6
265,viola,100,54,0,5,8206
266,Wolves,100,89,2,6,3248
267,Happier,100,75,3,14,114830
268,Erase Your Social,100,57,1,35,280377
269,Wake Up in the Sky,100,105,1,27,7351
270,Freak Nasty,100,40,0,14,104659
271,Poles 1469,98,84,0,12,372
272,west side,2,0,0,0,0
273,Overthinker,100,170,0,28,303
274,Lose You To Love Me,16,25,1,1,20
275,Battle Cry,100,55,2,33,1030
276,Famous Friends,26,30,0,6,2
277,Musty,100,76,2,28,3440
278,Rise Above It,6,1,0,0,0
279,Rx (Medicate),100,123,4,37,28
280,How Far I'll Go - Reprise,63,119,0,23,74
281,crash,8,0,0,0,0
282,You Should Be Here,100,70,1,39,7352
283,No Woman,100,133,7,20,788
284,Watermelon Sugar,100,26,0,12,19458
285,O Pana!,6,0,0,0,3
286,Trust Issues,100,20,0,16,25464
287,Hold Me While You Wait,100,0,0,2,371707
288,Trndsttr - Lucian Remix,4,5,0,1,0
289,Shrike,100,79,3,20,8055
290,I Was Sad Last Night I'm OK Now,100,74,2,17,169
291,Pull The Trigger,54,119,2,14,139
292,Still Goin Down,99,101,2,29,1913
293,Punk Monk,100,103,0,24,33375
294,Se Te Nota (with Guaynaa),100,67,5,28,6403
295,"Zero - From the Original Motion Picture ""Ralph Breaks The Internet""",14,15,0,2,0
296,New N3on,100,0,0,3,36896
297,1400 / 999 Freestyle,100,16,0,9,428308
298,O Come to the Altar (Live),100,17,1,10,9977
299,Wasabi,100,4,1,1,14935
300,Wild as You,100,70,3,15,6484
301,Some Way,91,214,2,45,231
302,Rashida's Tale,100,86,1,23,72
303,HWAA,100,126,1,45,77824
304,FRIENDS,100,674,9,73,4330
305,Vente Pa' Ca (feat. Maluma),4,2,0,1,0
306,bury a friend,100,6,0,1,39203
307,Unfuckwitable,100,47,4,9,6841
308,My Name Is Human,100,36,0,1,326
309,My Ordinary Life,98,15,0,12,41661
310,Whatever It Takes,98,142,2,13,100045
311,Said Sum,97,208,0,32,114
312,Tan Bella y Tan Presumida,100,91,1,20,2444
313,Hello?,1,0,0,0,0
314,In My Room,100,131,0,17,13387
315,KIKA,100,65,0,21,7380
316,Love Ain't,96,177,10,22,3180
317,Bruises,74,290,2,21,1863
318,Mi 45,100,17,0,6,1899
319,Look Up Child,3,0,0,0,0
320,Safaera,100,7,0,2,64142
321,XO Tour Llif3,100,23,0,8,1594
322,Vowels (and the Importance of Being Me),99,6,0,2,72725
323,Light,100,251,0,47,1275
324,What You Know Bout Love,100,44,0,34,4075
325,Come Hang Out,3,1,0,0,0
326,Supermarket Flowers,17,0,0,0,0
327,Purple Lamborghini (with Rick Ross),59,32,1,13,2
328,Small Worlds,100,152,2,39,2879
329,Scott Street,100,1,0,1,64270
330,Piece Of Your Heart,99,178,2,31,205
331,Dunno - Recorded at Spotify Studios NYC,100,75,3,32,781
332,Break My Heart,100,33,3,20,25617
333,The Break Up,11,5,0,2,3
334,My Favourite Clothes,23,31,0,5,0
335,Old Streets,20,5,0,3,2
336,Formula,100,24,2,4,7628
337,"Taki Taki (with Selena Gomez, Ozuna & Cardi B)",100,31,2,12,32786
338,Trip,37,14,0,0,0
339,[oops],100,66,0,9,3469
340,Miss YOU!,99,29,0,17,30547
341,i'm closing my eyes,12,0,0,0,3618
342,Slow Hands,99,125,6,35,32
343,"Crew REMIX (feat. Gucci Mane, Brent Faiyaz & Shy Glizzy)",2,0,0,0,0
344,"Lean (feat. Towy, Osquel, Beltito & Sammy & Falsetto)",99,107,2,44,9480
345,Slumber Party (feat. Princess Nokia),98,180,0,22,536
346,Sweet Hibiscus Tea,98,297,3,2,6563
347,Young,100,103,0,33,447
348,This Is Why We Can't Have Nice Things,2,3,0,1,2
349,why are you here,100,1,0,0,46906
350,Fine Line,100,1,0,2,104213
351,Imma Dog Too,100,68,1,7,32048
352,When I R.I.P.,23,14,0,4,0
353,Love Drugs and Sex,100,83,5,43,9307
354,Lust,100,52,0,7,6213
355,20 Min,100,110,0,32,7087
356,Roll In Peace (feat. XXXTENTACION),99,75,0,26,9408
357,Big Plans,1,0,0,0,0
358,TE DESEO LO MEJOR,100,368,2,41,1563
359,Rain Sound : Dark Sky,99,76,5,7,26330
360,33,12,1,0,0,0
361,No Vaseline,100,4,0,5,40276
362,Tonight (feat. iann dior),50,39,0,10,29
363,dothatshit!,100,83,3,26,395
364,Plug Walk,99,149,3,19,43
365,COOLER THAN A BITCH (feat. Roddy Ricch),100,1,0,1,126718
366,Perreo,100,10,2,4,221606
367,L.A.LOVE (la la) [feat. YG],100,76,1,9,681
368,Legends Never Die,79,4,0,1,0
369,WHY,5,10,0,1,0
370,Lose Somebody,12,0,0,0,0
371,Earthy Rain With Rolling Thunder,100,51,1,11,11710
372,Mona Lisa (feat. Kendrick Lamar),19,8,0,6,2
373,long story short,100,105,6,23,787
374,Boys Like You,100,116,2,33,86
375,Never Forget You,16,19,0,3,9
376,Papi Chulo,100,63,3,25,2509
377,Miss Primetime (feat. Pell),37,8,0,1,2
378,Mad at Disney,100,31,0,9,24476
379,John Redcorn,99,48,1,42,9
380,Everyday We Lit (feat. PnB Rock),100,6,0,2,172795
381,HONEST,18,11,0,4,32
382,"Houston, We Got a Problem",100,27,0,7,73575
383,Luv Bug,6,0,0,0,0
384,Wasted On You,100,49,0,20,20619
385,Stone,100,124,0,27,7185
386,Awful Things,100,132,2,50,1085
387,Got What I Got,100,158,5,43,89
388,On Chill (feat. Jeremih),100,218,4,31,474
389,Offended (feat. Young Thug & 21 Savage),100,109,5,13,2126
390,Startender (feat. Offset and Tyga),5,3,0,0,2
391,Game over!,98,229,2,25,636
392,Whitehouse Road,100,3,0,6,854860
393,Bird Set Free,5,6,0,1,2
394,my tears ricochet,100,369,1,17,1755
395,Tommy's Party,46,30,0,1,7
396,Chlorine,99,279,4,26,254
397,Godzilla (feat. Juice WRLD),100,7,1,1,75486
398,Suicidal,100,2,0,3,62144
399,xanny,100,9,0,16,56344
400,Minute,100,62,2,9,156
401,Cigarettes On Patios,100,19,0,11,50623
402,first take,100,39,2,15,3663
403,Guatemala - From Swaecation,100,79,1,31,26291
404,Plastic Hearts,100,129,7,37,1005
405,Hot Shower,3,0,0,0,0
406,Night Shift,2,1,0,0,0
407,Broke As Fuck,19,2,0,1,0
408,Carry Me Away,100,179,1,11,34060
409,Are You With Me,100,80,1,11,1593
410,Hills and Valleys (The Valleys Version),100,97,1,18,1738
411,El Color de Tus Ojos,100,3,1,23,19498
412,in my head,100,19,0,4,12017
413,Sea Of Colors,47,9,0,3,4
414,Josslyn,99,168,2,30,397
415,Ring (feat. Kehlani),21,5,0,0,2
416,All the Pretty Girls,100,9,1,5,37790
417,BOOMBAYAH,100,160,4,33,1187
418,HAPPINESS,100,115,2,29,869
419,What They Want,100,93,5,6,65169
420,House Fire,100,8,0,3,30771
421,Icon,100,250,4,26,5785
422,In My Feelings,99,91,2,31,28
423,Life Itself,4,1,0,0,0
424,Start a Riot,8,1,0,2,0
425,Blessings (feat. Jamila Woods),100,153,1,19,11990
426,Good Thing (with Kehlani),100,131,1,22,130
427,Heartless (with Julia Michaels & Morgan Wallen),100,54,0,22,1373
428,Look Alive (feat. Drake),100,107,5,28,4270
